,Vmax,Km1,Km2,Ki1
0,6687443.342810249,109.0023570954166,7415577.138899775,155.26589279248088
1,1.7668684417048535,231.86901609013142,0.9098299424433225,360.26994614008004
2,8216712.513800704,194.80291695771385,7070917.917817222,183.51822458331594
3,3512326.4940050133,93.20904448668955,3866808.237714647,137.4222087001002
4,2.152976422512488,79.7295975045343,1.7812997768908136,104.82640759911015
5,1696552.5134188407,101.8898061730282,1949663.019240338,163.6841226452651
6,4613621.9537059665,116.90125880165944,4739892.288828934,112.86568120199775
7,5280913.064039413,120.1654613764648,5348290.198091634,150.04466201369314
8,3.6451717679707647,304.64815786981046,1.967631114264174,182.05368764907786
9,1.9909347184628283,113.07318662451196,1.5906492231148421,223.02052664338018
10,51.21692987820105,118.08521807038045,48.37483165722638,142.65927210710214
11,1.118567390123684,65.70286159187548,0.7777395682971406,234.85560992277948
12,4115193.260689808,152.88104998923845,3931987.0001094495,169.46677013914555
13,2.086401359506418,178.3576001966949,1.3214403251548699,227.60222342489047
14,6366641.996993257,61.509676531444754,7966950.605529488,99.42315241513512
15,3.288533398223897,96.34937469793945,2.9811584360515426,122.51547031919588
16,27.1335260557292,76.04681169527431,29.308150158929898,74.2742865391776
17,10958570.12474228,141.67685871082125,10303513.690002773,133.9864453211418
18,25214369.16036447,79.95548646046707,29833008.242889352,129.06527228087765
19,3.310967153829823,78.18164353478453,3.3428400484828344,106.69691454051421
20,10.481396212655179,222.48539643900023,7.971986496605035,282.380101239629
21,3.01719364767919,104.45484829630946,2.7342396461228025,184.0755868255218
22,1.2062872473116795,111.69857864991295,0.7887699750717695,202.95502224506748
23,6053052.043600867,105.1825083597386,6296046.5332595315,170.9907246086217
24,6947387.514566436,179.56625607923516,6066349.381542023,156.177108794404
25,148709.54041228726,201.21201780891468,120810.62653483587,145.054529256786
26,8368634.701096581,180.16074411117845,7158554.189846809,249.01165102921937
27,37.4310151837742,84.29359691370493,40.25575374692742,144.8954940978441
28,1876448.3577670602,130.07727864936194,1749398.1496005089,120.27930809480559
29,2992935.4410478678,88.90993751361665,3349262.126519375,164.0564250784679
30,1.739701818730907,60.42115530168253,1.6013541022241748,137.02632558181188
31,1173621.6366960313,46.27794319364952,1549414.903836172,98.28796778726846
32,2320654.1557070315,140.61850980150973,2219510.431753707,147.63464995967033
33,4945628.660632369,53.126918156620256,5947379.022126644,73.77718085435846
34,1.0171840341512919,82.87704584898978,0.6288376004326516,102.03965842588028
35,1.8995323063958256,103.41133510752098,1.417824497598902,290.5995651717156
36,35.90004518875324,180.95140844236147,31.45076696840713,204.1545539828607
37,35.532624353907146,122.39784632235202,38.70279821912815,155.56559705170093
38,10.591188956440808,51.54159938762799,12.586538083664607,111.86138783551463
39,2.37963210380213,95.27371052196767,1.9430716693362917,157.67710291854672
40,1191974.8578537682,136.89741682472615,1125416.9430417297,120.84306316097663
41,5.93783760659105,60.93830517413355,6.184494653719237,80.2830659746061
42,3132513.6069746288,131.36303193090126,3073268.682744325,115.40851844039192
43,6394358.096494288,250.7979730239726,4902709.174425076,186.77690806543694
44,5456683.930292813,95.66258510676671,6071284.43767651,122.42928468857555
45,1.8721930419956854,114.44365564581513,1.4224038332191862,192.746065766104
46,2.5732294444159836,144.60019329866168,2.0649705559207145,273.8674773942046
47,3.2400801872058977,63.955870835103006,3.095758815759205,76.84790542056841
48,2177402.8997231303,95.32470298656789,2430129.596983226,124.77325218421795
49,29620163.39000159,183.09754404928736,24472059.747051727,145.5265767226365
50,10969375.468619084,180.14150347334103,9480411.528076721,279.3970457666559
51,2.249742380007534,182.13750068358277,1.2997709063557947,224.07038453580103
52,133295.18364858412,250.07871759425475,100125.91707368911,263.4744722129311
53,7.606388803713354,170.31449511424955,6.142347092574745,181.4692558950642
54,15916734.034710135,101.1317742624679,16545546.200647261,94.49348528670141
55,1.1460771091064132,64.20060590879197,0.8681997659322247,112.35437019109469
56,5114395.445660984,143.88265123564628,4868636.157049603,136.42884937551005
57,10894027.158477811,101.06788891896088,12213403.230509961,207.50956559378278
58,9922975.282975916,117.04879093287086,9688125.45650649,142.99113890273918
59,1.4596802311254422,105.66250724321321,1.0018110756078002,192.29151754828965
60,4.355361088291145,144.5849720206926,3.5761789668944615,154.06697812904216
61,1.5111549781035007,66.65079727203579,1.1417889211771983,88.37997601663771
62,3.318786190477556,93.02471126557295,2.950874978516303,109.38489554104247
63,4.261690062247102,85.02161007244419,4.071944379201573,116.90541933304748
64,5.41144358040504,125.50904183935225,4.904237776096378,147.2798732341549
65,6.179840594315425,68.23758029447174,6.3231867040211105,54.867427783224876
66,1255052.417280261,144.72453292804016,1142395.7928468245,164.34750628013953
67,3945264.521018294,127.22372204503958,3716336.3885309603,101.77022132603935
68,3.522508983370133,176.32594250829243,2.6054697832393723,179.23558984250195
69,2785729.2499872036,190.49948946261378,2311137.225251803,309.3155779812841
70,22.83189317264126,44.727985416890995,28.746972650922466,85.59504886490787
71,3.955850798468266,59.26926927246268,3.9615425211795707,104.3216252241525
72,1.4461328148050059,44.75044177831689,1.2756578587503933,89.20016359475383
73,2.816530999487217,90.41025202412956,2.6659423281811367,184.3387333005901
74,4.83389981467904,100.69504910194723,4.583683255899594,252.21277957740807
75,18147798.179186605,157.29370551949773,16104044.34440563,166.36040370984338
76,12004091.636988835,71.13027460239871,14209516.115439024,136.51867133278247
77,5392486.561332731,102.20512373234169,6416292.6340525,272.294096838426
78,2.713534829641749,115.29208481714755,2.1517365779561324,193.19807488016056
79,2.020120453139055,128.29989657429252,1.4634029703378908,161.30988475608183
80,21.119353103637227,137.82326212921268,22.17145949745905,235.65606604937852
81,8965393.54636168,147.40539207398032,9020990.564039383,299.17688637042556
82,3.97954567607614,138.01790828924953,3.2463944249518955,154.4214005232626
83,4.767014120513552,190.15165901163655,3.285890135352146,200.36659437606127
84,2.3204675389132072,51.04456205014479,2.3288446849764406,85.93040409106975
85,142683.95163398393,133.00220468702702,141664.3823986806,119.65156247915866
86,7.7244195933916355,80.93461149821701,7.854012576771092,104.10628966573414
87,5.425067142736351,177.4973270550592,4.268424405865437,164.37210011971987
88,2.230616135597716,77.18525416665858,1.9841278450046647,111.94800173832583
89,1.7599955310958,236.3155964368742,0.8107830439252554,222.46981412869204
90,3133138.103814694,98.60597444668328,3070062.869924045,113.8685502599608
91,0.9216210982095572,55.56169007385836,0.5815669795993907,127.97142307202354
92,2.2521263533762323,66.41772520413996,2.081993205325865,85.1844118183735
93,9102320.009047085,72.96562179098028,10172213.411470067,109.87545348268073
94,8.029992247119747,143.61094121649592,7.461082286308929,249.21146323936762
95,1519090.8478578324,105.81776744090635,1691893.3814269924,102.76244995947023
96,4.688097232405137,140.12987288435474,4.1626371298333,234.74697337913665
97,2.151212513755698,117.57726403118703,1.6399503153326311,172.65672414532003
98,11.440472309358345,175.94906448855602,10.219795381929167,182.74779360570412
99,8542512.08436611,98.31718877710334,9046764.320298387,102.59405801002762
100,3.2259656983872804,118.18154331456039,2.710790574996356,204.24593500924513
101,4760234.570222112,138.82025888594075,4881468.279721135,247.52810021943716
102,17.263908967220267,142.3970981396548,16.255495091420904,155.92904208297196
103,7570318.215044405,149.97790492042446,7192629.498388997,143.50107159735512
104,7.356534559009859,109.37139844318835,6.904443733271003,153.07086070597026
105,10.23068834869433,104.0268794059597,10.261435444590663,106.3562274008408
106,1.2403549840955388,144.92851633346913,0.5702482058422407,169.95799375012066
107,1.8168931496203926,75.03537756818156,1.5016959630577316,72.48495190630578
108,3994169.337360686,91.43169252302825,4187094.953490808,119.36748784507196
109,5589740.888561636,122.45923240606808,5528377.348000151,131.0973813757614
110,3.02730560591162,202.3014758027109,2.02566359714078,264.5415061652579
111,2.044695330943847,110.63147717956345,1.6349524047919313,295.64028804175234
112,1.6063879951358024,71.60395147964395,1.1482129648823671,64.67979774428207
113,8752778.7664079,123.75505856529837,8551115.734192297,136.5818435509565
114,9478271.114670752,89.13783526404922,10622676.713402007,120.03444157548834
115,3.892112360679111,268.32735204468145,2.4165896953603503,299.17727297936284
116,3936529.239014021,104.27634460420626,4377421.434734861,127.49847076220988
117,1877814.7524292348,68.69104023869234,2171222.3939613644,97.26058473271644
118,1.0032625454462256,57.20886354327562,0.6457795390266966,116.85093077297951
119,7.94417172172672,167.90459598322846,6.67344084831624,189.33205138150333
120,8.427609773091628,74.38131530112142,9.142654400820513,94.73628644962422
121,7908011.035965596,80.27896329697835,9284883.960772447,192.54844720933107
122,14871434.639021497,121.45599053656044,14522956.741679369,179.02675708301064
123,1246435.7558685532,148.4482799233579,1184261.8954658215,179.33625906161143
124,5.170095001015913,218.60102177665502,3.758004030044089,326.8654390153006
125,3989881.577533987,91.32764233945707,4289386.787987924,102.25420758903104
126,7.196632478911723,183.29860828570077,5.502385962153093,131.74605120728808
127,1.8033144389475055,60.74523757589857,1.670878108611297,79.49749654355799
128,7558397.678600449,58.82360780675385,9481784.579668323,78.57139424475729
129,3.405019833818671,174.1062085855074,2.41373103274183,308.41271528458225
130,3.5226763449718574,117.48501519389006,2.8889559206962834,147.93252809334638
131,2.700136249030715,94.78885560727774,2.4103282140976545,137.51642110565078
132,7289891.56269717,103.27360305581489,7554767.08213143,129.33913252180002
133,12963795.24773291,153.17263864905692,11575287.090632841,157.6017567691995
134,3033659.672686041,125.99549038394258,2838241.149551793,129.5088958656589
135,3530262.7594350283,55.34424967068041,4004095.761468691,63.553121487977286
136,4774559.135477153,75.86789028385041,5519954.269204887,132.9530239328118
137,4.584992883872184,84.13682426692554,4.476947055659632,85.00946938438447
138,9681694.396506965,137.5949004796211,9713937.648644933,175.20520321244908
139,989642.1273389242,72.14730736264228,1127624.589844862,102.88708703622076
140,2.786504766022553,104.92038305976135,2.4893253232915926,158.3423223149346
141,12910452.013446793,88.23113664186663,14202235.51308617,95.32078446342507
142,1.8092375565186367,145.8344395760874,1.223426357163763,196.65437501926016
143,10663613.65455233,98.28142148547909,11878119.229403496,162.78135462118715
144,535403.9240031535,121.66872930080397,561063.918359878,208.7513288676508
145,8390686.139211843,77.72834665175553,9572633.144172471,85.2969901681261
146,2.5537583360845395,109.21498509882194,2.1675064828237374,270.74457656437517
147,34374373.98567545,232.4086265883278,25806265.566072565,198.75699815534733
148,2011098.2350566415,96.8680765098295,2019910.781279135,104.46934883116745
149,16.236186907011742,204.8824742863488,13.708946538079797,259.84304972331967
150,5054503.897231413,119.51895185748728,5346198.057085158,154.77292680868814
151,7813512.296817755,147.86836378886477,6863493.7776459865,162.51780959884292
152,2.0380502787313786,186.0216030109092,1.2525711870894565,235.20037218439936
153,1.2923510423362228,144.8744243858376,0.6481446418362213,163.80175894208912
154,23072400.232839428,146.02540869946182,21903951.24324795,157.6189635179632
155,10.67984231461323,181.17569008320245,8.440125843677219,133.2268380646485
156,831177.0448345505,114.44024685022188,839068.440522149,119.21089286297533
157,12.518523078010377,95.45179269569886,13.704457831619234,208.00540355660522
158,5450550.680838586,124.58615177262602,5640968.9307414945,153.2301237843365
159,1.2714593797626665,89.32155805009734,0.9821687195075148,156.6312313991473
160,2342375.4306330252,119.85599504911099,2215206.86152765,148.76876507278436
161,2.460378290907981,101.58083001670622,1.966181057417063,150.74265924299695
162,2.152282317099955,99.5857395768429,1.6273864941454064,97.96199510058528
163,1.3100919867730334,238.04952362831307,0.5081510139125238,280.23651812141355
164,4.7475630320854,78.72511618346093,5.195861127017486,120.72570399267673
165,1.1236565213467886,64.81823454597334,0.8546924902294106,268.69437226293576
166,8.606566504380304,129.54347273808222,8.296033644019202,192.96181930152457
167,12.006380941717865,99.1141497552922,11.394566226883187,115.52327625547534
168,2179264.7864733436,138.9484862386748,2062889.327210135,200.3303877589052
169,1086733.719454965,124.34275671533086,1114841.6632500894,224.61037923236174
170,13.93146341441287,123.46156815656897,13.84172203944527,229.37724417221065
171,5235177.930926073,82.60664542989106,5965506.835591996,123.32676187446718
172,4620863.65574276,117.2141131087768,4587242.233100821,160.48480149710954
173,3.644981982905382,142.40706209982824,2.871328293863997,205.49214228453977
174,28762199.12027019,49.02913314151426,36511530.83034394,77.55792191121708
175,5220668.1864023255,81.90217439186995,5910089.956658468,160.45920680922512
176,14.474129377592368,122.041331414827,14.722997796806977,243.39486873994758
177,7.564799668127086,83.6682507876861,7.339515972354424,84.19204922150053
178,13899950.218333403,75.15945542956095,15609026.110454172,119.37623371139613
179,23435769.948134944,210.96827995711857,19778420.65684855,224.45009304597204
180,16259841.105359692,104.39867559018104,16600910.021696316,117.66975270549787
181,177.58693348921412,89.52947296782519,195.68466734758957,106.95327419179887
182,4.419825277773927,128.08194025389557,3.8470655845784414,161.51635222257377
183,10003863.123814015,132.25082517472705,9516905.757472401,171.09827660229988
184,3790275.311483357,62.863852254259676,4861212.954690069,164.61647375514596
185,8.83728502776128,109.58003450161141,8.532529618632738,134.61819376489828
186,3.845957175274887,36.99135418386895,4.165932292067096,57.055038889838976
187,5676566.167132675,237.10928174263523,4643709.581374632,246.08942106562228
188,3.6012691540006276,141.33638881159843,2.8334388853557373,172.49941105450932
189,5481035.284675212,85.07622833736382,5839833.833268528,139.12269868111488
190,13.379162589607917,156.8455049822461,12.203763084875039,199.63543676760466
191,753410.5702612242,149.28686673696592,688620.4502560743,148.8816771246311
192,1.2789843620515227,90.51341756071935,0.8167480073847784,144.0740633040993
193,1.3743633315917392,138.94605518334103,0.7677168001320526,173.1700051882726
194,22809041.37176153,68.88322969615069,24342699.33404765,74.86336455914987
195,66.36189679501115,77.6622193545046,76.082958982968,120.3316070550983
196,11.170562748172365,103.08827342015918,11.469891625673236,125.79841717858032
197,1358099.2424994158,89.56580514060389,1459691.3025954736,109.12498619609356
198,20510876.458032195,214.02125149711398,16133728.054541057,176.38413751707114
199,11165490.617949955,174.85676071473384,10106057.594766589,156.2182527696044
200,12.559192001636232,208.41867568014285,10.12466999864596,206.45513940948712
201,1.0917894623244744,84.86076456181873,0.5908256716262832,85.72207834953096
202,17.568436796097185,212.3025714947553,13.465960030570553,209.7973639077913
203,10.924354317077347,325.69795957621864,6.954418514592265,272.0527738877077
204,6365118.84323414,48.899106593850355,7937682.343525603,109.85728080328984
205,4.636443440443333,85.49535346042012,4.793285600944101,157.902720160566
206,5.716508827807767,65.53901060231588,5.72941556892273,97.56926317901417
207,4461198.089790853,114.63356580614783,4806050.820350958,175.0575144952844
208,4.945337903641571,149.399484259999,4.134167366471061,160.29358265660608
209,920233.7037902965,100.93277633030561,938600.4681730397,124.02515306985784
210,4.00131301920311,80.3593676530496,4.157970525012675,194.96154871863652
211,9083100.142141126,76.37670977629905,10434604.440611973,264.76590723295004
212,648655.2210010821,73.65076674139881,747866.9306814184,95.7901211793797
213,2.0125940747994453,164.86853125540753,1.4367832000741814,365.22168220644363
214,2.849528949818779,203.8802411202166,1.8272516382702733,300.8465104261687
215,103.8490258033961,113.39047331155959,98.38196350059016,119.19199025727481
216,4.569357757212401,126.27748093509193,4.127417716313503,154.18881850458305
217,6943748.121180411,71.58619996123421,7952434.356739198,93.7136074220536
218,3.815823963726804,83.49717556455904,3.604280852058684,112.43491732756873
219,2.422284397830381,51.008161193975305,2.2979909523059465,75.81261404513155
220,6406077.569787631,260.02696675071803,4834854.805075307,314.3750006933677
221,2.1831930629373115,159.1640687871846,1.6063018349796125,265.6338158689167
222,5.139725966675622,222.7299681971741,3.653635327858613,209.35609121592648
223,1.9921941158553504,106.40350018433263,1.605154198636884,150.93774360839694
224,0.9056255827592828,36.843845872490725,0.6932255528020635,114.38208563417291
225,1.8178115893445326,98.87667398108579,1.3534598877082689,152.21607486692312
226,13115257.742293164,81.15461074507118,14261287.879628653,110.92771728380609
227,9726124.284156034,83.91620113385552,10544488.234970665,88.81658275350256
228,2.661528546053842,243.94415716160364,1.4847476424527857,297.3691724979901
229,7.709883000788456,88.33924804599278,8.251678611813338,104.45965075492506
230,3506876.646036622,154.03125769823163,3348897.673494032,235.33110269466584
231,1.6439394611779148,103.23041879141505,1.199311224618416,237.70797371246533
232,2.4137710189683586,182.79932271141152,1.7175214088241335,291.1090990337632
233,3.213696887903362,113.69894991326287,2.593597243850373,136.42486486938216
234,18963792.09401397,140.03371971113665,18226343.623945918,216.84013387487053
235,6464349.887715226,84.83826730973105,7044488.779703179,112.56055466790662
236,2.663431520182435,113.16603013682575,2.2700809804808153,304.6994695090848
237,7842891.179428755,224.5992469742641,6224965.43016141,176.79813880949933
238,28704008.90239553,80.2282121983716,30897797.498547122,111.6980384568772
239,35288415.56348119,68.04701091098384,38606737.55716021,118.09697158347566
240,6.374326094559161,127.61266327750981,5.37012580334158,103.605542413137
241,1.1687621123938825,138.8343966413473,0.6463844782695853,186.8502180014343
242,7923557.385466814,100.66159443144932,8170098.133275422,76.12090587523937
243,4327413.553507758,191.86724374140027,3895951.845193149,184.2709259888316
244,12.07900351358375,104.96760915195455,12.47489129116555,189.6155762741538
245,139514.5816064037,167.25481030109614,123650.27860485119,211.3771968473217
246,7697123.398032504,102.92214493825158,7991351.352359523,100.94142857245329
247,530036.9338506318,102.54369434669591,585726.8657927988,132.09578773657887
248,11.29054006321759,175.88774084014872,9.760977603205774,326.007797887109
249,7.031929987677465,91.15002981535633,7.09971253025261,121.66309925538876
250,6.054685777091251,100.219081416613,5.7170231193071395,157.38346786629495
251,2.153757430206279,81.26777026553074,1.881630193254156,154.49935488528408
252,4.006491878194739,242.25898677619853,2.587873174641894,229.98369679399963
253,7.224672077950485,61.447918790752986,7.714757944107378,82.77167482008844
254,3.1787333896708287,88.26041564476157,2.8895185623873316,111.73481986031423
255,26.175263664243506,83.81498345827787,29.754569740225826,181.70891353870286
256,6.664630898024092,111.58288568680372,6.155465252352022,129.84383360069486
257,4.473355616209785,124.74725101528442,3.7598322335889853,151.67404938345973
258,4485890.371067718,130.5101683174065,4346034.988710332,135.6849700702198
259,8124257.599290473,134.8545974230631,7509269.462599361,187.89331146864288
260,19284830.057979755,132.6451879184085,17680857.382101137,121.10723432301539
261,8636033.46924144,115.10821088961976,8216236.636940719,144.74381713695226
262,2.719392113962348,200.0734983649909,1.7317345826540427,243.40628414521754
263,11.047318791975778,128.34412034964652,10.141306704609491,154.8018210595878
264,3.2231338500952487,160.4229185714645,2.5352957753876675,161.46610200319603
265,20027305.48728293,109.49943340226005,21183151.274580758,143.36507823273607
266,2.1435128845970643,129.0214849150342,1.5629243236903445,214.30435231635587
267,31.158404465972335,184.23348969131442,26.88449356231745,159.74217667180332
268,12336032.884407977,155.403326029888,11553433.91137353,206.22606100497262
269,3.2541218607949074,75.27365885978013,2.9349095098329285,87.17114295582095
270,507608.6485654915,92.39763909009838,555701.7411943895,111.81269444104815
271,5.113465708097156,39.02908807847924,6.423890076013937,103.58378352732622
272,2.89383118101187,97.95820210183668,2.723748961222498,233.07375200932248
273,6889960.421276713,220.83189316986088,5533430.3673985815,174.5718572418344
274,21221162.327359375,135.30849528731932,21310001.013432134,169.26958318486535
275,1964445.8859216284,88.85749858600853,2106507.1498510735,87.77765836638608
276,2.7309650545798556,132.2944837224802,2.04438120848017,203.70125307488294
277,1.7774696248414203,65.35620981176426,1.6295794653329474,62.242936683409624
278,7.113558139541942,54.07447354020177,8.03499892875697,82.12572885769522
279,2161941.839299851,211.75444108444054,1846456.112137138,286.1291699514091
280,10148772.952876594,100.42651033335848,10983312.881951593,213.0506345249294
281,12114040.048683345,128.84483399976395,11892710.275519857,262.58894793609744
282,2.968950743942009,77.43366089715396,2.7765189762933122,102.38653385981374
283,8922887.466512568,144.98623968287762,8594765.501713905,144.90199534619828
284,1.738890212817132,105.79931025443527,1.2499263529233575,102.41697355599615
285,1.3752602026914347,73.4622774801346,1.0546958852000097,92.27315446421751
286,847349.1630314059,242.2434818704089,647372.6856313931,230.03551382008496
287,2360365.207705714,65.92223783900612,2910648.609852456,174.14484625213464
288,33200515.634359486,94.3420430991397,35376515.005208336,111.6979466632419
289,2.025933440268162,88.95544973376839,1.7821541985020453,132.42349309447644
290,9.25430968828899,182.32503494130657,7.702864836518807,217.92759386268992
291,7165038.826744955,142.3720887071584,6781108.027059463,201.4184742517596
292,3.4543580010757924,88.98169730593,3.533188790248854,93.59651139210911
293,2.2617043054951753,91.67320403406876,1.7510205337643345,161.31579589978352
294,1706275.8924596887,64.86030241705492,1923586.1388130852,69.03952943160994
295,4.945794484766018,99.94586126177775,4.891993669256338,152.33293898911282
296,3.3482899879535655,103.1333725590803,3.1377447867631,225.52388920014926
297,10.083970574760464,58.85606380114204,11.850017432691047,96.8926523729658
298,936973.6428453838,60.31125724173555,1146062.085595448,122.61288196831732
299,11.315484058582772,94.72870956666101,11.238594368011807,114.27442519691
300,330.32248069830985,54.03967827084611,402.2944599975476,72.33289283155493
301,6554179.394311593,56.7717621997833,7901298.478917309,77.3971969307373
302,8.245846517045745,130.12465194467137,7.370140044582342,145.3195271918606
303,19759240.599398937,170.99432469116266,17219876.940208815,150.84223574629152
304,10089537.845030675,45.73675550785846,13001565.043944024,85.7048185109719
305,6.696447574541748,160.96699919154912,5.720595495736605,312.4056982021294
306,14.321159082812192,120.20506709202554,13.241382184290709,136.0560626003185
307,2475058.9277712894,258.0922018450082,1766020.8057456608,172.4126536830945
308,14873973.977670096,100.65117077357596,15895799.945574705,127.55994194415742
309,8821285.780249018,175.57186035958927,7794291.981931699,186.35596129827297
310,4.925345675528316,95.81771991564878,4.611294859218454,124.47047701381437
311,2016632.9971808887,67.34207036800012,2264120.4479903346,65.88177751788926
312,1.6215510768345305,55.898630431794615,1.3470287818413198,81.21370317616582
313,2.72692842937494,112.1697624872029,2.2291822297511055,133.8474701902226
314,431999.8426082444,95.05443819974194,441520.4024078318,134.01567337039975
315,4.815513305670856,85.15704281084477,5.128448883762328,109.83626119770551
316,1637205.0987359893,217.3551619382496,1350784.6106718455,213.63375642715394
317,4.120657022433594,166.92593551121092,2.8555642468275884,95.62380537304948
318,7.625491215860202,84.79246374241153,8.840608606125429,279.080146014051
319,5.138952907976732,97.48011288263406,4.816648631956071,96.73821683268194
320,21.152349785927754,112.4322106417861,22.768492507001756,218.61575535107912
321,3.0367288733887063,62.320465060590365,3.207247218078051,129.78145145524078
322,10.060660209746127,57.15043335621509,11.75133295555054,72.34662869576194
323,3.2992283605716293,57.33202655729704,3.5633650463199897,74.28724251402978
324,1.7819579361793327,136.18352490599526,1.1678861387740065,205.09429966164734
325,11213304.210230138,99.2621086452294,11835425.600223105,155.74467693987955
326,2.5268401118208,114.97866550514449,2.0697765432986737,127.93831641300746
327,3.0727215348093613,82.01185867340551,2.8933930541170687,110.3718253776957
328,4.376093533204879,171.31745595822767,3.3254479260138363,163.93648096465364
329,303207.215608171,218.3483142126034,254463.29109271095,345.6577023539681
330,182791.23337279083,138.14843761514274,167379.42394605593,157.68581567090698
331,628690.8060669104,62.474753880482936,744487.5717199313,124.45733768229401
332,1401469.2588519375,88.59036331326465,1593262.1731629455,127.0593312677729
333,1.8297317831944577,76.3866818979523,1.585843423566045,182.38082490287616
334,14123524.78222274,101.54285339283135,14843983.406015374,191.04903931895387
335,2373902.2258613906,157.05123943626734,2174461.802471407,185.70209954006808
336,2.3474993449894392,128.77897180033065,1.8052690044564381,215.20598709404663
337,3875621.4815723537,194.84928637245562,3465367.7281117816,227.8455483201962
338,7601878.494426867,194.3795155032808,6792429.981309,176.53980100221824
339,4.357788167294436,163.05291866796227,3.3090540916542213,263.52145283077084
340,3303348.382398046,193.42191976391572,2744003.9433133975,141.62892763822052
341,2.2321312374203126,161.82837774315277,1.6130614899166507,240.3990353067708
342,1.3329690037613269,74.59264351119634,1.0763445540578302,221.06723617441284
343,7.238345390982097,150.15959391954289,6.5061119274362635,194.62977651221456
344,7713929.025255833,73.67760604426086,9680912.246109992,108.14100523263215
345,1.2852832621016188,136.41206433835947,0.7007009515962126,316.1677147450846
346,631970.1320960282,141.88725871723668,596374.9532094004,180.6555550639693
347,6.882547667016368,169.67143354512558,5.023301148312731,160.02162230495395
348,3.3936785456037146,122.26241296116287,2.737875074091213,160.8990306724531
349,4.936019653939156,113.22025780342881,4.44226154474514,118.52575478433796
350,2.044875691076408,130.63019427030355,1.41443621821938,163.12558445279203
351,328270.61316959094,215.2777962195787,280345.6662037932,292.9133217930455
352,4484266.474091924,134.89443270541682,4378434.968304666,226.14503024413716
353,38.81904113537684,131.63167666465358,36.742379810726696,118.48481482402045
354,615026.3882195994,42.36792110389347,754622.8496799931,47.61823872696445
355,5305912.101670578,169.86245147383926,4739823.080147849,123.62417317864494
356,7.182087511755019,178.6251969660464,5.7999318157903605,259.078917623682
357,12136538.702583617,94.4864319768131,12965415.207980016,119.87547018622921
358,46.750889818299044,74.60824871107724,55.21498658313086,99.26552106135621
359,5799680.865882228,109.49488007334195,6168508.390986837,192.89692630480545
360,1572277.651906051,121.92820577610372,1545614.372285155,140.60905805561814
361,333359.4958908769,108.73479846551099,340462.0702398793,185.25262823257972
362,8.223637812336234,100.37256518757394,7.8172697998509735,120.91690599083708
363,1.8507223113902564,165.20972623851478,1.0956007714048785,238.60633367036448
364,1.1939851486138768,94.83207985840653,0.7437448513475103,165.2730043908689
365,9.025930643131002,147.363038087549,8.395573060852296,189.88707496635004
366,2.96531857791259,71.07190059305064,2.7139640440807704,70.3581651995129
367,20.647983907860432,67.62517200224589,26.03311392074136,139.7385419725308
368,8275210.068562146,207.63602645468475,7289943.9634418115,330.0414805741507
369,9.064123617777119,133.7898952652432,8.234244494890632,167.06796790633183
370,5.958541769019981,160.8974675634365,5.644099413614601,216.0235155973225
371,2.2601826419124214,118.20770530341366,1.6294815229880009,105.71298845660799
372,38.19559474964958,91.68646389808488,40.38166915493708,131.35036287596125
373,7.0683045622293275,147.1381013815931,5.8748381480935645,148.03667089337432
374,4.466534082146466,177.40431665673813,3.356372931357167,187.20807361609832
375,1.7150377977886562,66.62586649963964,1.3316202398310621,99.21752790146755
376,2.988315050828659,168.8806596533663,2.080764458026185,196.14082965439118
377,4248197.510795868,139.43706507029057,3884776.047682147,126.17804966736625
378,2.7078632101122646,59.2680482969769,2.7327175793832317,93.7504956040579
379,702856.532419124,45.74000020984351,829550.1379741012,51.07474366382692
380,2.530610749066299,151.3374880253648,1.872766345830757,173.49123356935232
381,0.8916361258032464,64.48800055784429,0.5847647558825495,106.85443907549114
382,3.7078439975671587,41.54408129742411,4.241944118010608,59.360812837590906
383,4.566255622447363,123.50926505586753,4.191966431531461,246.63460635374017
384,18.210978914204386,132.64331707467662,17.220132500360208,155.9235648262973
385,1.6054233246742942,136.31914140963087,1.039382013703456,220.67184126974382
386,1.5421393821526685,84.77047240224621,1.3146602268184273,161.2419370152251
387,10998073.730447566,60.03063140241769,12792098.838178841,66.31199906887556
388,1.3587371347618753,141.9517846929254,0.7009494633347315,100.34623563319964
389,2077079.8451832696,82.97479169245055,2403718.673130856,151.24918615495656
390,49.28579953711258,202.95766863152568,42.461758346641616,187.94672718319865
391,8.621208466151861,233.68888175178606,6.241968200048362,302.5021451383076
392,3736536.4528309833,62.76948559048559,4460439.776392203,107.79859375199081
393,5080768.9040500205,101.09713172867167,5973613.657769397,190.2617115985991
394,1.723553380841568,131.9185710154382,1.0806759618955173,152.28985087744812
395,15.425617343568298,68.11095409158332,17.23894523771659,112.07858816798756
396,1.5029518958534644,66.0334156062695,1.1444903396632762,80.99688923802431
397,9.712655240185466,82.06967027815887,10.299157637495703,112.56986609141993
398,2.1948934590370537,93.92602006002623,1.863514291477184,133.19281175156075
399,2.050907697636342,66.94266848094443,1.9243495906706338,120.93273532776315
400,1.5335250906954028,80.9406298895313,1.1646173098872694,153.91173802171437
401,2341940.453824612,108.45016874906484,2448318.0757059306,179.36396397143375
402,8.335955429334373,66.83387040742596,8.594835117388465,61.61385616508808
403,6788468.687724003,84.38053803133214,7788012.817804517,88.71320931487088
404,5184135.713905897,43.68122695846543,6288875.347795791,52.88830079456947
405,1153978.1915438736,63.004821403410155,1421748.1291906075,99.97763211047655
406,3281681.4084190875,138.51903998632406,3358290.6507204445,167.45831520229402
407,134.27813179298798,244.1690045068112,106.3287711852392,295.43566656704155
408,2397153.6543136025,143.70800627007503,2217216.8757532923,189.75972520201006
409,9380707.489207769,88.26228717155114,9878587.54082247,119.89145712019675
410,1.2857721200964223,111.37751437774457,0.9117756917777432,191.31112585915366
411,4022006.560414019,139.6312819094025,3793445.1623096718,110.37735093132906
412,1.8938179625400418,77.8458716913853,1.585819113008334,123.79249150968162
413,2.5048411066029486,126.21854203642809,2.0337509966965475,145.4191105795737
414,2380867.1993435742,97.12333744614436,2596764.0737376446,95.14733548752064
415,7.9194465014002455,150.22143029278567,6.790843935699796,163.86745439134788
416,6307851.452361989,100.6034438315988,6570372.935917009,112.30427563515208
417,4727320.839014081,202.66369072980328,4039800.587351303,339.8974079591562
418,1.3279267833663617,85.15761958241279,0.8836045096010022,89.89314680351734
419,4363266.471544893,58.87013791345791,5406525.967644152,85.26713490019296
420,5.928811107827931,91.61767613471534,6.094363551073056,132.72278605144675
421,3501349.3492173655,137.70805975505792,3409266.838490247,138.81032245464786
422,1.2590748115402686,82.81719211225489,0.9030591581706368,195.78316655073232
423,3668673.3690549014,88.59530184413222,3828390.1841896987,77.84748478179489
424,8825020.79509867,82.04195216100325,9484407.096462222,100.37742574120577
425,1.9818853357868431,68.02681473803847,1.678159404962291,70.74199486238503
426,6439017.404249372,91.71329070505173,6930079.348083841,145.64028464667786
427,1266946.0432514753,128.1405021696862,1351877.607935093,203.04007320189731
428,1.710866312130547,85.2220110138846,1.3537713066209187,130.5427406578953
429,0.9465650854168712,106.59941692815141,0.5096553679317106,156.76599456027728
430,2.237180645477971,109.87881372967011,1.766233100490841,221.2963929424693
431,2.94567891666877,104.37720420275976,2.5341728827556,173.69564956683223
432,1901799.0305888932,102.35504018532146,1925598.1165853566,117.20240521394537
433,204768.47932470404,103.26624043314554,206981.46818548595,111.1869136700831
434,6399418.618792542,66.97519153535588,7470195.922131431,76.57896045993706
435,634488.3064692107,99.1858412169954,681445.1553682177,136.4129365247499
436,4729528.618022738,78.27383066951319,5242010.401613258,67.97737641938112
437,1693051.0834652907,273.9387886501091,1285572.0966133438,272.70283375121943
438,1808923.8807642611,167.25268394224543,1613822.1888589212,166.47156892780697
439,1.702916332303409,65.74616217247522,1.4993286369922592,130.6446039072281
440,18990247.30514759,172.12609305745866,18081274.40415413,233.24282766500508
441,1.8571660486060417,140.49666118655907,1.3192748403497816,397.2279724774938
442,5.883526184715867,220.3358580826896,4.494740057418851,193.79868692487184
443,3.8766477403441435,158.81579672578704,2.931932292576251,161.25782694788992
444,5303462.938494074,171.48633290411829,4872156.973734136,395.02244901284826
445,4195229.071743464,103.27370944021054,4462967.823052196,198.74531048463328
446,2.4020902417954533,129.82245921691415,1.7826183036540442,137.68364014656166
447,2819761.503395757,85.5041268684007,3093077.6842200146,128.7786965767528
448,3.823658532269671,70.14571759226438,3.5809092828042504,105.6419561475624
449,16307145.729695814,142.1208395723539,14343920.383072868,120.38347933070149
450,36001363.04690441,81.29379007665702,42803310.57597592,194.28722142625202
451,1.3341315125950801,77.48592064292455,1.100038336656446,206.84941686622165
452,6.7897134173770946,78.71265836441015,7.233674590684861,110.99588748657075
453,1.90197246665781,139.3110631628627,1.3772137621117715,306.1646772617726
454,2654327.487289507,103.9668186804487,2823722.6918868367,172.8743133954462
455,1.620228113021429,65.13826878719244,1.3981844856435297,104.15911394424133
456,2.13435235288132,132.9300795536248,1.407950493484462,130.63426845192052
457,1.9728229112007274,98.07630996594348,1.541889621605294,267.0837397968426
458,1.8549393601551805,91.09917995929416,1.4006532988780815,113.05971043467058
459,62507243.60458024,179.3061817063414,53312158.53570379,153.7764174279172
460,2.7499403810530545,147.47584608764978,2.1769078238000845,228.8298020607441
461,2.424097972639775,86.40069179230788,1.9894606089279128,112.04854075721133
462,2.073000226300394,125.31660549137754,1.5518626634902875,177.31988296206387
463,11602915.346319627,86.78111964960765,12079852.890080798,88.74733939321132
464,2.6387070321980626,65.44657352499699,2.583194163703283,121.64276351559866
465,21427838.07217712,160.99693939690886,18775401.77490756,140.62760224262902
466,9.28489302926752,98.73277457946566,8.410420528279356,90.23934213572143
467,2.132298570018616,70.24011994839728,1.804988372923912,83.63622257885474
468,5.099145052844569,87.11267608268061,5.278277647577003,135.93976354559157
469,8188892.399422539,185.4231524755851,7261272.31673924,247.89271679072732
470,3439682.2774410034,134.84563416502738,3229360.1295245877,178.84106563010357
471,7014198.489901276,217.99457242199523,5470875.1500736745,230.22609086204193
472,2.7797993495784854,98.38654980412247,2.1682002438271213,112.8350853045335
473,4.66946299259239,100.5145950283292,4.467554642503484,268.70739213608505
474,1.2063603897014041,80.78915728319,0.8647736838161187,164.69609147004618
475,1.733476513881545,81.54851846244762,1.2920121692837705,95.53573636875994
476,19639376.522746127,131.2594286836038,19831814.1100332,125.17214700198154
477,5165982.172288508,107.10603199762872,5470900.247872795,147.12845354310133
478,3441508.7882046467,103.23617095279124,3580263.5834271335,131.24505328306643
479,10710695.67871202,73.26139859034458,12519416.238935426,92.89807905843267
480,1.7322798519856304,77.77822221098542,1.3486548559466123,135.9630411027626
481,14727322.4444677,88.28491179495471,17114541.96219037,185.50897515676994
482,1.5163042797086623,78.4124002059551,1.2456642252059582,145.99521876462939
483,12.153693510085775,112.75962804948861,11.578598004909777,186.78435815768006
484,2079290.9444982754,186.56116498498875,1808037.2796040373,198.08984451136507
485,11578090.57984725,116.95643502788802,11333088.924818704,121.73012502024257
486,6201670.43182422,68.4155465890435,7512806.94068075,80.35883803536953
487,5.574524159181663,104.72547273537349,5.4309224267607465,120.5729558467084
488,20.353261385383885,71.26670467986106,22.52142103688101,92.86483375290248
489,4.860278597315916,112.98158485211958,4.344703635331313,183.07306937262703
490,28187545.985600613,145.31069103007698,27190282.22278646,280.15464995202177
491,7145917.824248517,61.37898258690402,8490219.188981596,118.63938696054403
492,3786303.265787345,178.8905384796341,3444712.4961585943,131.16517210681616
493,4.494275441394773,81.59188362406142,4.321309512678581,124.02132881691448
494,11.74713857823675,208.21694288526788,8.826522322906138,195.71672472007063
495,2536098.4689970515,86.88535680365972,2804977.605881057,98.30777548146096
496,1.9112992822931565,104.82221668137862,1.5076563284996194,72.3405877864272
497,10931464.220203929,78.97675973499722,12534098.306705464,102.00407501748741
498,1.3361829628468522,176.82263403076016,0.724161264572997,245.44933100471582
499,30.65252811646723,97.32847552253538,31.449372251583515,203.80531197814645
