,Vmax,Km1,Km2
0,116.86761965460258,1.428962387351381,55.006935525975216
1,122.90648831713712,2.1422586989094454,40.2061237069618
2,122.54223260267759,2.215335391561022,40.010645009999834
3,118.59193166337421,1.6722906213872306,50.350178086340755
4,123.63855171010961,2.7477678486560397,33.84477002148431
5,122.17039499852442,2.386008925201047,38.017885305011866
6,125.05942833816229,2.2984239868818395,39.84686034985446
7,119.37308032878121,1.8024864385395554,46.10328834222365
8,115.65031374359205,1.4361089390392687,54.60503089084372
9,117.53074108028828,1.398100421317109,55.33500902442943
10,121.86317971575585,1.9377678275413526,43.88049031455623
11,124.0061055270812,2.6786173704480833,34.22606873787928
12,120.21998885834871,1.731471527647139,47.854925778797956
13,117.34131329793443,1.4983951512665323,53.885829465655206
14,117.20498592183918,1.496968471970816,53.11743129678852
15,119.62687945816711,1.8606227386499106,45.16160828273561
16,119.50162239054315,1.7503746749744935,47.53046049620034
17,120.13828703573084,1.683224429767227,48.25765761944159
18,124.89388313274473,2.7961193593148903,32.91236678520416
19,126.3697707659308,3.7932387282787547,25.29931965152528
20,119.67163863458659,1.5716485937478586,50.874656457492314
21,118.76276214278293,1.595427720345693,49.892177719950276
22,125.54537801389881,2.200174542343552,40.068212326167895
23,125.17741397906632,4.994070214798484,19.602525493205036
24,120.19423006553609,1.7066465756848728,48.142580055145444
25,122.49964052992436,2.2563003055303024,39.1673439550253
26,120.66391758081826,1.643202416734149,50.4100503895553
27,110.87523601910918,1.0757167275174175,64.52751262678166
28,126.711132838759,3.8915920840176352,24.687521720136832
29,121.771515311836,2.2174887916927797,39.057214994995725
30,116.04808828582368,1.3412567351956557,57.400257897739465
31,121.7854608154309,2.142323120505787,40.79681482909336
32,120.50981639778587,1.8648409387053768,44.405756675690064
33,115.4208187444246,1.2933483790904252,58.51608725542641
34,119.6790313766866,1.8936311728522088,45.68308257627538
35,125.51901405116155,3.23748507332383,28.818281590270747
36,119.4425654164931,1.7956918533868698,46.9050278598478
37,120.52331292878253,1.7255120519567841,48.10032448427812
38,120.58355874785866,2.086639538990848,42.310930650635335
39,123.26035106793753,2.777433855081994,33.42362474223912
40,123.07481639784712,2.3252142143045456,37.95395127361023
41,117.76704523604957,1.5666716870614013,52.13344848063354
42,120.36637557228462,2.033327466815715,42.97379234685112
43,117.43224294132197,1.3768424658692127,55.39516243295733
44,124.12167050388167,2.6066538778997463,35.23513520348251
45,120.61982135060914,1.73140231717399,47.228637954229214
46,123.62980655765898,2.33957962126093,37.88934112798308
47,119.94095963277779,1.7059724439030868,47.78677035327585
48,121.15417450468073,2.0714725275168777,42.220209462122874
49,121.38413493630183,1.4659874008454836,54.59081842772278
50,121.71482480911192,2.3086932150942197,38.92922796182011
51,121.1227280869648,2.0420421513134523,41.756595988911606
52,121.10234048830499,2.1015411692257544,40.844848543090144
53,118.06163304922956,1.4792285101863205,53.72627372967408
54,122.10935789342743,1.7657558405187357,46.34947717411064
55,116.47129649325854,1.8090451559573326,45.11240321320599
56,119.50357894821431,1.622387196058197,50.14081667860618
57,119.69767613945903,1.8230527458882007,45.758830972284954
58,120.266689429259,1.8862269098109787,44.802729972246546
59,120.68766647523749,1.9060636742970742,44.38583024116006
60,120.79277150488436,1.5462720709254265,53.32896959200294
61,119.82244058443655,2.039379363263299,42.453467813153736
62,110.98939521688227,1.315154418711276,55.47472061319504
63,124.83896890015092,2.8486667852045366,32.78995178810464
64,121.82439335381382,2.078577760620399,42.24842896236417
65,123.15480263116986,2.566028066358308,35.83484111654902
66,118.4437654647363,1.6882285612596442,49.53663092266874
67,114.44827373006866,1.3607613041508124,56.209616967751344
68,119.049396948916,1.6469792761420274,49.69088377345991
69,119.32381537514921,1.6487707752382799,49.56882992999627
70,114.28369706736696,1.189872846313284,61.579699223750126
71,124.71562560124855,2.5968786910974333,35.20872139861473
72,119.88833900450648,1.58432207864071,51.24784398284231
73,118.60932613142145,1.6925005028593814,49.45777395014147
74,125.55313451307462,3.2160550159222896,28.391014761636583
75,117.56830168599183,1.4473651438446917,54.46644520465644
76,122.87871753709756,2.2731954479983503,39.17938732556533
77,121.72753076120208,2.173302421415814,40.56584414429734
78,120.69528346732672,1.9013493894909177,44.59995257534656
79,115.83999965968597,1.445232351064545,55.011835646290216
80,119.63092039140292,1.671194696090831,48.4656729949712
81,126.27324852584735,4.148922110034823,23.396805158118177
82,121.05593988701726,2.3886059378820796,36.91299352132446
83,120.06394725687073,1.8566764269218288,45.41210366096793
84,117.73386752287226,1.335339703671872,57.66481470323962
85,126.31155430147338,3.7801162284642684,25.493617376754578
86,123.86678215012222,2.214244223300252,39.379939226011665
87,118.9170965620819,1.7590204413211261,47.64689211494555
88,126.55909540275395,3.838429723588407,24.461572056943968
89,117.20438086848422,1.4219835666658678,54.9991149626351
90,118.55430874322285,1.4297996516379725,53.92503820759803
91,114.1813343014574,1.2323070242741225,60.40832570983095
92,116.79241238876877,1.4441856671831708,54.80357295774771
93,123.77806258741472,2.432830351938828,36.6602156813757
94,120.12302175055811,1.9755123106955927,42.95521327664467
95,124.37030518755274,3.000876439881343,30.831374535516844
96,122.33961246821106,2.2316782276058795,39.47291209952378
97,119.6186794191441,1.7935376725082726,46.335123728519555
98,124.42144839562248,2.858438026881139,32.28976774978685
99,121.61650082584988,2.306645288812063,38.29985256328345
100,117.34902737005993,1.4885355480463278,53.1212393814656
101,123.46322507034913,2.238244781852714,38.69172277066057
102,125.68094484761642,2.886058506936778,32.5966901594434
103,120.78014257974577,2.0717322965733427,41.38380717624574
104,117.78134860257286,1.4665795966332886,53.67790362834621
105,119.34373836562759,1.8685729705805,45.6924874172344
106,122.99474297778244,2.4916640416833187,36.75865637511563
107,115.67594031010654,1.3115129208815453,57.220810671385344
108,119.50933624994963,1.669017186923909,48.51381848925553
109,118.7221752047986,1.806935584511179,46.89772700591678
110,117.89978323748811,1.4413304476192852,55.69724512277797
111,120.50991215220412,1.9208053672067409,43.88998556373107
112,118.17379015041769,1.4749149374518657,53.776450926280376
113,122.56750737344473,2.186301881309103,40.139485361073596
114,118.76520004697494,1.7275709480340868,47.94152556619968
115,121.0568745375827,1.9386127313795651,43.99244976172352
116,121.55988851780928,1.7611896444023663,47.63527555602431
117,124.72366958020477,3.443199771478338,27.602571255717677
118,124.04659725783903,2.6056318118516106,35.09828753974963
119,120.63071595745134,2.133638562750348,41.557880997282986
120,121.77985390995278,1.4910327398579801,54.959988753798484
121,114.03645865792409,1.2359738917474041,59.958209575331566
122,121.73592913848051,1.8515386676109367,45.19786766916997
123,109.1419982494647,1.1146528720580198,63.37861910543413
124,125.42690402690044,2.913846312133005,31.802485618026516
125,119.26994502569362,1.876143563335994,44.8582624669248
126,120.81289676352388,1.9960719175415027,43.23752319136935
127,124.1267825691094,2.9553376201883474,31.515579589515845
128,121.13104017334575,1.8625647077622571,45.09538269364302
129,118.3218080490116,1.7689491504370851,47.49836898959991
130,120.52194452901152,1.7794317261124286,46.89364073062945
131,121.99563439831144,2.204072002476559,40.07389177953908
132,123.14791776316325,2.558476288052858,35.8149652713355
133,119.35590582063163,1.929751421157832,44.157799019307404
134,120.02321566319824,1.773683750767774,46.55042123944223
135,119.08613988062534,1.8747138987562373,44.82588305479885
136,126.34525240611337,3.462292414093934,27.417532420547108
137,115.81194443006287,1.2717415543070456,60.054936556838896
138,122.28049845463212,2.304807765185465,39.426009173509335
139,122.32124369999467,2.1822108999559093,40.19964056665517
140,117.47796018208908,1.7106977818558657,47.9136447252534
141,109.77757801102601,1.3545466462514508,53.30831082865539
142,122.1748496811531,1.855004449665606,45.26447614151493
143,123.37220613479421,2.2132766700363344,39.75061928128734
144,119.33260622014618,2.0468334664270977,42.61241575464358
145,125.53508868351025,2.8975776902224406,32.4662241283194
146,118.75755528565108,1.703026712825922,48.37602505753706
147,119.1720623599739,1.687253892143635,47.89585799689372
148,122.3673661072364,2.1558756701841384,40.92282348537901
149,121.66802595393798,1.8124414344317472,46.314712031779266
150,119.33275901333316,1.660360686520804,49.272504722689064
151,123.60599320212208,2.3837270056797175,37.43720453864456
152,126.94507591463153,4.90469434599312,19.873586453761792
153,125.95961195208685,3.2944360379433153,28.651525277274015
154,119.69266773744837,1.934522327723713,43.68206077682584
155,118.30469509212303,1.60487660241122,50.80009973710592
156,121.0236810950606,1.7979901313706572,46.27461814470274
157,120.8540705234443,2.0448931793365683,42.583445509246275
158,117.15325550686632,1.6853532400823392,48.40204727135325
159,126.51537333125954,4.090464773531196,23.65622851097246
160,120.76047383135206,1.9179679914722887,44.02608713800941
161,123.45987197583132,2.6197753046099046,35.41111482937776
162,121.32883329161496,1.800444978416588,46.73840581915523
163,119.46659677957707,1.4814802389817336,53.01901256739279
164,122.53825504827095,2.4805000965413644,36.80223463021571
165,117.47534744071214,1.4968821982795248,52.41238525978493
166,119.41917318252031,1.6603329708059782,49.4824498717528
167,117.72463144415285,1.524153756542045,51.702993865041755
168,119.7947445322627,1.818413734051197,47.35026200572761
169,120.81882840332071,1.8250107672358884,46.844713507083014
170,121.71993379662673,2.054618303827459,41.297127278051086
171,123.69721456609338,2.7550524502271165,33.20654663285902
172,121.56734286926455,2.042491282001685,42.35995369226207
173,125.60175455981656,2.902049829149661,32.101589677389605
174,123.96049447396867,2.5679868969566124,35.133172389295446
175,124.21389325825997,2.5552894847095704,35.28193249737624
176,124.30545370491717,2.4207144735516257,37.2748440008777
177,120.07864739538186,1.7965548966057292,46.79781095714762
178,121.14083625285242,1.8475160533284838,45.07925132269491
179,118.37288521166681,1.4760725320828894,53.8118186721105
180,122.4596008951834,2.036261170625301,42.180737405591714
181,116.06571126456888,1.281055640873542,59.48460241148342
182,123.95422863726137,2.8663328173714824,32.80041492185001
183,121.71736467591681,2.1116304782501483,41.93905417087485
184,119.8707615220655,1.9853181652072378,43.01008787048748
185,119.3421901407326,1.6018085520395755,50.455325849811906
186,122.00664649204155,1.8820642718106932,45.33801197726346
187,116.92038444285791,1.4236879284227535,55.61982976449878
188,117.7152932520361,1.4661297036640262,53.87850506340908
189,123.55914836961156,2.748929897863253,33.36273926223062
190,121.72726389847921,2.0351938066834263,42.89975223875418
191,119.85259119701581,1.76896798547686,47.12949790648665
192,120.99091972913033,2.1850881226395447,40.81135872493583
193,117.91764280053964,1.6404314342887454,49.632208645050106
194,123.57475765758701,2.5627675665016483,35.3826328933145
195,116.35133016377641,1.3959218042381536,56.136902177347416
196,123.42477676722785,2.484711780519575,36.42572445225098
197,120.68786800293466,1.7923821653766225,46.68484711094067
198,122.1701899166449,2.0558298594397786,42.30466957834818
199,123.66095779935169,2.3250143092201645,38.252976954624174
200,118.80897533280564,1.906220888725211,44.46800363209647
201,122.94055967501289,2.56791075530353,35.31284988803578
202,120.914884407383,1.9495401988653795,43.933974970953855
203,118.83374472467499,1.882783903332476,45.852778655957366
204,116.6083937492875,1.3597360196274182,57.355664969695255
205,121.86784216017818,2.2208228324734085,39.924550955783054
206,122.01985644262308,2.263931012688961,39.22448861382273
207,124.50875132977009,2.816598223282805,32.97529378800994
208,124.08363735167981,3.0204538971760493,30.982142605213145
209,118.36933479761444,1.2977661167536387,59.322746143019394
210,123.79467723704435,2.4901854101278804,36.46556604969574
211,124.12746122850162,2.6577789642319956,34.54024155402204
212,126.57464255568931,3.7222382792099693,25.639540430303036
213,127.11394836019004,3.900704046966793,24.386908578534342
214,125.06340463206315,2.807028117954854,32.56248679685128
215,118.59939426843259,1.6599983549360524,49.82300707708081
216,122.32301450892524,2.5832771585865157,35.11761798655444
217,118.50532663096334,1.6867681027461008,48.69094815062266
218,123.20619264395336,2.5620292756121104,35.7395399654157
219,120.11631943892911,1.8214262352528419,46.936566126043196
220,119.54127818850282,1.8706696334495583,46.034416307309115
221,123.22288694607484,2.3738268363789468,37.62857279972241
222,114.39911783720684,1.262164519689126,58.717542793597204
223,123.84938153726793,2.5181480101932134,35.927767856449755
224,122.61138666577341,2.277970448138835,39.27842530047322
225,126.95948927078155,4.162726556782479,23.23486331843285
226,121.52920150423927,1.910089965428364,44.473203437641786
227,122.23386329085932,2.104406653104857,41.80231517452213
228,118.80355269186254,1.7037754757727188,49.089297332605355
229,124.49849351222909,3.1955658985726387,28.848035990248366
230,118.66274638489676,1.6113181345142655,50.67010530023
231,125.4686916333045,3.834900603058656,24.924455725364286
232,119.35414673993658,1.6950641908205264,48.628198779444475
233,111.90749961849154,1.1262728617202187,63.52304753239043
234,119.85221779593466,2.0400272251473335,42.41723754593888
235,124.38800651118231,2.9962539454951655,31.246631241267927
236,120.0337599058599,1.7412335340580143,47.617137128313274
237,122.48949454928385,2.2889283161063534,38.9478116807365
238,119.66241803905983,1.5127908182785934,52.31065308522477
239,124.66855839392706,3.0333470077177207,30.334796650327217
240,120.33755639089358,2.0592848575101,42.11018887195747
241,118.53312163736312,1.5645539450035264,50.909623506979365
242,120.74337397806347,2.0452812071825024,41.845424382030494
243,125.48850139541753,2.5378262071015065,36.07935484553787
244,124.41261410608621,2.0855814003330133,42.60013718577042
245,119.32317816451435,1.592867620001404,50.9666941047476
246,120.30930836941685,2.1310902711165016,41.227669521788854
247,121.76826137461002,2.2507768172534495,39.554220539031135
248,123.37307344622542,2.4043130604420337,37.24350048068068
249,118.22976088485827,1.484356783850506,53.37551926507932
250,116.49134687260327,1.246025833124881,61.797098634794686
251,115.66514897683446,1.2374444144671,59.0404018144714
252,118.08208837360439,1.4832406764165589,53.595775783742106
253,122.49315892252768,2.0286201899473126,42.57416311915126
254,125.62000184651669,2.8798466334233566,31.755239616280047
255,112.88324378470004,1.1773337781743838,62.74273402950286
256,127.65507948210347,4.605525393158457,21.170431668340594
257,118.60427782660902,1.6207751304877966,50.81980292513977
258,119.78600888275464,1.9759831094165317,43.45363700060119
259,118.04646397283541,1.5942809392547448,51.467825507940276
260,116.83412566844325,1.4641744499454163,53.77576680359795
261,123.02396985254644,2.469453486508802,36.703998729601544
262,118.33915971571938,1.5391495620103801,52.08536376108969
263,119.88372348763868,1.6333662910938707,50.149387594763475
264,121.58322003346973,2.1819185684029607,40.46590331441295
265,123.48753907723957,2.60497535120436,35.52277541755573
266,122.83925710688807,2.267001023405144,38.91247957270169
267,122.97605990723196,2.2131513183948512,39.91670956331484
268,113.99988460836477,1.3802958091459558,57.10519603057695
269,124.51773584363156,2.4026646637453273,36.779506717205585
270,126.360018143619,3.233498689981476,29.343442560064315
271,118.02709164510338,1.587845615296571,51.439169456886894
272,122.52780170789339,2.279671626314136,39.496197388106566
273,125.2038021947077,3.1812849932793235,29.575413788754542
274,113.80076405065579,1.7297120800412098,46.7252791576467
275,118.62651987918204,1.673750578091716,47.981261073497286
276,121.47828080982275,2.028758813305324,42.691290187340925
277,126.28868427823456,2.900563994238278,31.79839821345626
278,122.92352427515526,2.446338844149796,37.048504734205764
279,121.66935844150856,1.7861978948263921,46.771113781306745
280,126.73859582463082,4.111704617929377,23.510793882439348
281,119.35606864039671,1.8897558666915049,45.50339900089757
282,116.44892911911074,1.3769383501597965,56.448001039580475
283,122.75253857714729,2.281398402510247,39.225826107917456
284,122.22074223032631,1.9682282741858161,43.444785190609814
285,116.02966123133734,1.340510143178485,57.62397547543588
286,123.67827852968364,2.339655122351239,37.798912956584
287,121.49027308558605,1.8248802097383074,46.107445414084424
288,109.34043323109518,1.0362458499770042,66.78542189529811
289,126.31074749613785,3.4609612801774983,27.397127185244372
290,127.02539797038031,4.114750698242619,23.166654905900312
291,115.88194689076155,1.366439882956847,55.88503301354943
292,120.40510612073842,1.615591669109459,50.40323460775894
293,123.41024787593933,2.2451224447669076,39.269786874294006
294,120.08734275111954,1.8009866836483237,46.29810055739314
295,118.13704901308573,1.6583800543220188,49.36086611567598
296,121.00358151610122,1.8648301710511526,45.0191945161507
297,116.49057183381872,1.4336856092020325,54.3424877104758
298,123.45465760061045,2.352872938785988,37.74509232339645
299,122.66428350659366,2.1632158499409107,40.674274896581714
300,125.01976495545614,2.487059349506683,35.670408504085415
301,122.08914155985353,2.258484908422544,39.16375177912934
302,118.25942882247969,1.721114589006403,47.41920034397413
303,124.88840731341378,3.6002904799373647,26.859582486430046
304,114.17149911716325,1.2688879465719451,59.94806679711095
305,123.09845133496985,2.382011790223225,37.23716572440682
306,121.00357843743514,1.8476588798822076,45.92503011300062
307,124.66974811324307,2.865552187584574,32.17355790233058
308,126.38122335958104,3.2529685719562096,29.428753531385603
309,118.72137768151717,1.553258504848225,52.07417331759785
310,123.75267774363803,2.3981301652309512,37.703197180329994
311,118.0214754587956,1.6132095352604372,51.11425611290465
312,122.5371915159847,2.0545630394878094,41.87727794276087
313,121.8906497921234,2.0441260908970773,42.18209038871234
314,118.06516146591332,1.6892134708916715,48.9360848706524
315,122.980850505265,2.214501970940292,39.35635926535712
316,123.9627403764323,2.4806401665338518,36.36638971417622
317,121.97170228735443,2.12750936522234,41.12940262931447
318,120.52845062840738,2.036287425680702,43.03894893924923
319,117.77802534047134,1.4621192536625216,54.09833824606178
320,119.76221853206918,1.9600136028837183,43.79675675872327
321,117.09499827370719,1.5072716080913187,52.860261804155684
322,125.14878185588422,2.892780694262727,31.88534536434319
323,121.16023312999593,2.2671018026342575,40.33316703764415
324,126.07186348135792,4.153226088023279,23.430369881791076
325,123.48273694524254,2.447260348987114,37.02973394404727
326,118.9120430147588,1.6291876519319564,49.24870899827385
327,119.24966070697,1.8999545636512232,44.504307032402465
328,118.03470255808665,1.5836847180998528,51.84352994605892
329,123.63941153800111,2.3896571164561724,37.68705081665833
330,118.47228826706719,1.6684105742330566,49.41185472667921
331,126.34145700986525,3.307044236208169,28.617932374425553
332,119.25185893766547,1.7823300125236325,47.11926937274347
333,118.7918638684805,1.8420561601646614,45.76861162148344
334,124.4674310619577,2.0770957917298567,42.742578507932784
335,126.32240125346746,3.5831997727765796,26.631916542323818
336,117.8478149224197,1.5178495553010471,53.26127456232837
337,120.56725216974128,1.977018177172429,43.44562755654199
338,121.64186384601967,2.2018466864023196,40.24514942350107
339,122.88388402956095,2.379691882964765,37.85386375144565
340,122.88317577679823,2.3605508601574092,38.177737593670486
341,117.91831249473927,1.533450212810819,52.68200950598247
342,126.4886056960349,3.237067009076236,28.458817815928285
343,123.93614037734544,2.879318178847974,32.74567957135632
344,114.17619921037029,1.1811629755831612,60.86718001705826
345,116.67326510495556,1.5572887408780671,50.745564240888804
346,119.55571661323066,1.7637870130743192,47.29522276469514
347,120.4424983668479,1.6171813383927676,51.39969632748853
348,119.14886939652,1.9332443434684243,43.85361581062434
349,121.54305471943354,1.9939214184046443,43.480405494050196
350,123.27351167119048,2.6751871657089383,33.626794831652425
351,126.10523650462906,2.9251377942818997,31.264747883448727
352,118.71231414435256,1.6139144233392368,50.56543198182062
353,119.34937253767144,1.496271160004725,52.25005203975581
354,119.79812632437962,1.754260714306917,46.55054732394062
355,118.72915056213336,1.7072982641714327,48.68776944182784
356,117.57758174443777,1.9120718586550525,43.75761516381513
357,122.25216827530156,2.225883079760455,39.67009991411987
358,120.59208983689213,1.6077207890572498,51.007726752973205
359,117.7533134783755,1.481619488762911,52.98163284953564
360,123.67065826890673,2.800952067086317,33.087082977831166
361,127.57391980076355,4.032189941504422,23.693259017658654
362,118.64835953239805,1.5092562445716844,52.36501775452579
363,125.08545548552003,3.009527339210532,31.051216844337855
364,118.43700836123978,1.7063180097986221,48.23166750709764
365,122.05731574595536,2.171938978256441,40.42567013359149
366,123.75785557819623,2.315838083214031,38.196927572795644
367,119.11308769529127,1.8205927157552082,45.92531273794304
368,122.03829667863587,2.005625885395385,42.688036782015544
369,116.0504805195117,1.3088641769860327,57.75985898186145
370,125.54849717695717,3.318204564152557,28.524080421577327
371,121.4080021423532,1.8888497136011044,44.74424293585117
372,116.8215988112071,1.5339468903153881,52.85355145159069
373,124.96141633951103,2.681689369125907,33.847467981105545
374,118.01235526641547,1.732085239944008,47.32732527748622
375,119.85782141579573,2.0730634866611775,41.980921684655094
376,121.29512090508854,1.84993387861625,46.07856851011787
377,122.35001695220846,1.955913903380082,44.104509502986154
378,118.51873823524966,1.4764828372785923,53.98350720582806
379,124.6128098544222,2.581084710888521,34.69931101845637
380,119.2441949102838,2.1970320180076937,39.87776144487881
381,123.0732580147073,2.447413777368314,37.3030404494444
382,117.49961015047964,1.283908245212225,59.46304887287322
383,121.20601675024002,1.996580534303666,43.193133629671685
384,119.04086883358185,1.9080898072234653,44.58923545730427
385,123.57623051932336,2.429889255858793,37.081395460917335
386,122.97347903482843,2.299730461887554,38.657856365018596
387,122.2631305293131,1.9481211486184267,44.216896407969045
388,119.24435059055878,1.6705821627434854,49.23782406198217
389,123.8650822146377,3.5749028898856845,26.616430393603455
390,118.60775466660817,1.7178426925271453,47.99715418616328
391,122.6802905798906,2.6655564056528847,33.57352116589136
392,122.59143656294137,2.274184285938215,39.28468612713255
393,119.69364187915141,1.8448827066049058,45.886736728079384
394,118.09726664358121,1.4765090383644028,53.69012219046635
395,123.16866217304018,2.510410152634422,36.367062201713324
396,120.41864201362068,2.033105785297443,43.26565570046049
397,118.46872304511675,1.4964342533420918,52.61803580290557
398,121.23109963034463,2.19150477679819,39.74920906071292
399,123.87687278021158,2.839295677074014,32.723317019693525
400,118.01462691724555,1.509109033345435,51.95726705208142
401,119.57749757859953,1.9791700778211962,43.29663119194059
402,114.67746149554745,1.5134792107090969,51.64935055756762
403,120.92406895062578,1.920771953599719,44.14537355352013
404,121.4630927463692,1.9114199258134923,44.51724733247157
405,121.08272368696612,1.6558043180579867,50.756439508330665
406,118.09761564627811,1.5519143252172374,52.049261892573185
407,121.22969436091618,1.8558266989658387,45.468839666250815
408,119.17473936522468,1.9074343496191852,44.76411987023922
409,123.47513568482414,2.4086449643618946,36.544469264020734
410,119.21666791135553,1.6503307828092715,49.65498658326406
411,115.22037968768831,1.5647434287438526,49.48012683671214
412,125.89562319686418,2.8577767203906865,32.98040039814833
413,119.66547082981789,1.8779140102600536,45.08305980200397
414,116.49242279054869,1.4814994401618078,53.378378343269624
415,120.30164628166045,2.0310674233051262,42.98787748563228
416,120.74579836208034,1.9433237047640122,43.67500814703025
417,119.29232775605661,1.6137051131924176,50.39226855335939
418,124.6841959098471,2.5780577534190052,34.89762854384728
419,125.62587579365031,2.734911818516983,33.13959419811006
420,125.31064393507407,2.6753549717617324,33.784002995261034
421,120.61718515844072,2.052639466135905,42.34999810839851
422,116.71843512912722,1.3340602383783509,57.099405991405504
423,120.40234589668094,1.7924321073533511,46.27552558140155
424,125.79857741715239,3.102817394829161,29.662611361398664
425,122.55961258658105,2.250594942729347,39.243936719295505
426,118.23099026017132,1.4756512154875567,53.568831559956145
427,111.64048445589982,1.0166801611678802,68.11568038330915
428,121.2055950163896,1.990485213403453,42.93918093334623
429,116.0305359869683,1.7946012486730938,45.28899667051699
430,120.3447284873235,1.7650340833555038,46.95179496115993
431,124.06410519420011,3.250891450477467,29.00320784052553
432,118.95342394239037,1.609072178523946,49.7678963613293
433,123.42373108923086,2.360982350231707,37.7759482641368
434,123.73916232195575,2.398823327248623,37.0016249756729
435,119.0485466935919,1.6532134704277666,48.723997233199775
436,126.09532936606936,3.0579661313118525,30.631351206826224
437,120.57969890833198,1.874054320124361,45.02546739454529
438,125.45564223917643,3.202044188599781,29.10349373674604
439,119.99054161952189,1.821765873640768,46.54162057715263
440,117.91705460031471,1.6306891277702593,50.03333992871803
441,122.61783003340898,2.272819571782981,39.32082172521243
442,119.81846280236739,1.7539874890018148,46.3658572131498
443,120.70440308872458,1.7849165220782126,46.781219293413756
444,127.48066285823418,3.0695698531632454,30.293029902604175
445,119.69909504399035,1.867183834447808,44.91723675271334
446,124.63768166548077,2.429597684516803,36.6038413958219
447,116.69044205809604,1.4899392868804453,53.78389834757492
448,118.77801259139981,1.7223712855242035,48.10157960673435
449,123.27614481278677,1.956360336917959,43.12876543389823
450,124.29119016266891,2.7309843787193167,33.17517481721687
451,122.51870506684162,2.533176821077809,35.01295555633956
452,117.88785244198085,1.5582793198459868,52.5150047101157
453,119.318501204201,1.5711494933108814,51.50270181259006
454,124.4488941050929,2.8737652826584785,31.869563482629406
455,119.88497662541631,1.898309787869372,45.203858560000135
456,116.76706991634771,1.3593606983144193,56.91128693573464
457,123.4545829274685,2.6344023153933205,34.7867729220406
458,121.46736216077726,2.041422974063034,42.785369328002986
459,118.17006895250944,1.7948373197138165,46.599364131580074
460,118.96624789556905,1.8220740642271012,45.68122399061867
461,124.90063145961601,3.033864118668085,30.520793874689918
462,122.75386614451207,2.0841975622700835,41.45761045283613
463,124.39732432757974,2.4116340641519978,36.97431283480798
464,120.72737079669375,1.7319257425338672,47.80231206392294
465,122.2941605324932,1.9298540095817767,43.83633866021619
466,123.86732766361095,2.527153163752093,36.092361105858195
467,121.266607882206,2.0222256775874574,42.96262409234656
468,119.58832563515043,1.8047598162808758,46.73782628377607
469,118.81784028112989,1.5533071780381058,51.716274760998246
470,119.12582228889794,1.755282393333077,47.57025762286387
471,116.55884360775163,1.3185532851674084,58.414478474957356
472,125.31287924911456,2.985689794957496,30.736800723174866
473,125.56931151891588,2.951147022842879,31.02826852793776
474,125.02858098653302,3.2020328034156327,29.02829430132979
475,122.76557392245977,2.837222824895671,33.25697678961488
476,120.25752917539398,2.022975075877249,43.23101748891989
477,121.89344951190803,1.8840203285671508,44.97170618819676
478,120.27591775409842,1.7424920289060852,46.6975803120214
479,117.09468140255754,1.5976148214261303,51.20277880485698
480,121.26615816877353,2.416350437479882,36.89678557157204
481,119.79771678645777,1.784910336995214,46.38070077613557
482,123.97589890282102,2.5462702521204483,35.90173491944849
483,122.80695368025512,2.23255732323229,39.709079999695206
484,118.25551245482922,1.7001230568872419,48.20426351931414
485,124.48272988652933,3.0077785922962383,31.163447184371478
486,121.61235507102634,2.0664385514571992,41.47987680725935
487,119.11695678749274,1.5832129382090203,50.018273029512045
488,116.32503564769465,1.4489877410530216,54.19588764839618
489,126.82153276274492,3.2811287736633794,28.833383349002506
490,120.97027305981673,1.970107242776124,43.23659312127791
491,119.97600458158023,1.8779595234544055,45.67962891457244
492,128.21658901739846,7.3017083409469725,13.648128274652944
493,120.94512913698172,1.7698484587910033,46.9766913704734
494,119.05829198914888,1.762414931678034,47.55453505515189
495,117.06318545303408,1.6489930779237545,48.84155468571728
496,126.77438809741238,4.169865769167293,23.2092671027023
497,119.27933793695269,1.6238087672425403,50.35062386108728
498,120.13396966530618,1.835663973698745,46.13070210561116
499,109.95038796712501,1.1667837508668752,62.0815929095652
500,119.4257866017612,1.9246622514350051,44.18360068132832
501,123.91892992025929,2.528462856359697,36.08228558594277
502,113.87625318124323,1.2161193707800264,60.60799485940497
503,124.79102883618668,3.262519523070753,29.00157156531031
504,118.5158925842163,1.7829660121464666,48.39307578358223
505,116.06213464042575,1.4071833784090408,55.34079355257987
506,118.34000734517613,1.566959588690782,50.9934177487541
507,123.85420690557153,2.5800809277936496,34.69753843782048
508,123.11916081042234,2.131529266358333,40.961766781532035
509,124.68128338055358,3.08338439970528,30.26763693582169
510,124.72762493800994,2.833007432732112,32.490316593715484
511,124.36587648519392,2.679253541721566,34.17191309696697
512,123.1818486397186,2.4738373252508925,35.93705097068801
513,125.36548768221762,3.3342584291065536,28.49519579028293
514,116.4727673077801,1.410522503468833,55.96313770562965
515,119.53595348843406,2.0213694929589767,42.758508388379354
516,113.15024333036143,1.4308338783233336,52.46636990618421
517,121.76928397487306,2.228596020423363,39.648555593864465
518,123.59506705179696,1.9983447022733396,43.24171212787596
519,123.56648542106377,2.195808900947113,39.2570551512363
520,123.70381314452138,2.568396922079493,35.46779546354277
521,120.69610121042281,1.5928043493264457,51.18454087836888
522,125.11127959187766,2.7381152861131004,33.22121461738484
523,124.9078311403595,3.1850730482358087,28.4312603087984
524,119.64324333115611,2.0190195935203437,42.67046104255537
525,123.64225366688501,2.824453707095844,32.00932804208034
526,118.09377278810645,1.476994091376426,52.95330582666491
527,116.6287836484402,1.525100414758301,51.109722453525336
528,119.98198132049309,1.6428858599593492,49.89774256539726
529,119.46894775730195,1.5827926664366034,51.158676571859004
530,121.93288181970672,2.1010559857708464,41.77145145541117
531,126.94853354780548,3.1540167539975763,30.04701625298977
532,122.31837772565024,2.299581832990733,38.926957485024936
533,121.13690034521638,1.9423303342105322,44.23568306928106
534,122.02391550683687,2.335858068118491,38.69975427056653
535,118.29642506106862,1.8376949092260597,45.79655166035341
536,114.99482317441677,1.5066332199908747,52.10710126783173
537,120.11959377051282,1.7436429679660912,47.62793292362094
538,125.02444897544092,3.1360748348587175,29.73012853534842
539,122.75177316250775,2.1830506738267164,40.00881545707596
540,121.36894592136872,1.9634447327544664,44.12811029477694
541,125.14985488098496,2.93257886669786,31.27291023409993
542,117.12734130111127,1.6646971066259066,48.56084704281441
543,125.02193471373945,2.9828754013676098,31.042458354755947
544,118.58946674640276,1.6993072319585714,49.27042360975875
545,120.89153372248842,1.795635506367505,46.36153998690166
546,118.31238101503796,1.6315101400995946,50.36277340114679
547,122.03590233217724,2.1998185867862503,40.28283662170866
548,121.00997776588608,1.9155212546908111,44.57575835849772
549,123.01652914319956,1.8961022988784335,44.53239524634947
550,122.51958930736363,2.2196642381678697,39.8147266390521
551,120.27195914859422,1.7653200805636773,47.25709457013881
552,119.27072673126945,1.7230007118358632,47.922517611564615
553,119.76420611806492,1.903052569603356,44.71441789871906
554,121.86537907174524,2.258303735696458,39.52462536346859
555,122.19953150763854,1.966796531205827,43.24163272076392
556,118.78286394767754,1.5920226003059552,49.96006168555712
557,125.03608919838445,2.7846027952845356,32.80319695376645
558,123.1928351923335,2.405322451769624,37.29346117382014
559,125.54757768985857,2.540371674556029,36.06022577446219
560,120.28244857992354,1.8750389273831045,45.14078199045398
561,124.08480408551749,2.1811513500223128,40.01685451526683
562,120.57172824573288,2.2739143515920563,39.30050873826572
563,119.34339018681375,1.821941669244152,46.56724621238365
564,116.35254275725008,1.6168394907080264,50.66360909563347
565,124.45273468762548,3.325495368751277,28.602468453388582
566,124.3632619179496,2.931049447559705,31.183839017520903
567,125.02601505198064,2.859853234364536,32.2040296035184
568,116.70234865376317,1.5399279884022112,52.27630551730232
569,125.94933388076417,2.637896582358094,35.07438711645382
570,117.14354463532241,1.4809470994017706,54.34926644629157
571,120.44598840725392,1.6636619797209562,49.42355628938431
572,114.68308921980173,1.3733761230352128,55.550380897237204
573,118.94470996725455,1.7286000587651054,48.67543929507721
574,122.15525422133645,2.357038261682587,38.23051957521018
575,121.61295607710679,1.8047178859440434,46.9830115345668
576,115.09942916783142,1.3464302422989667,58.032470954808296
577,124.41488669956479,2.7246068634022693,33.70937247044814
578,124.80413642383444,2.739395595688342,32.837952730678445
579,124.97750930578958,2.8795871711242533,31.904140985407775
580,121.60194481734372,1.3663681470217386,59.36098396607705
581,119.1277647979394,1.7441115050146137,47.00634100816843
582,122.13682684015501,2.1411281232749224,41.17094068436847
583,123.64614615201816,2.3634413970767483,37.64205920253845
584,120.4539307267679,1.6941708079063105,48.41419890191533
585,116.14720145410074,1.9054793872003186,43.48748492575515
586,119.28543168047943,1.8392264365937832,45.66709268720729
587,117.73714161112045,1.5510018585832355,52.743091611195915
588,124.66225446639537,2.9391622672263438,31.779155273713222
589,120.25171759330311,1.8459956895769176,45.571118645495964
590,125.54422445425354,2.7920509486421023,33.49621531908094
591,122.03086849499456,2.102851108949164,41.601729430248895
592,123.59408036299287,2.5515037171494552,35.22489125442708
593,122.91740442600685,2.2802558914924806,39.09550588770454
594,115.57872508537918,1.3112938287096956,58.99719209217341
595,119.40374000710717,1.33618388564207,58.19122585771099
596,120.80746653435152,1.7639225337871987,47.21346160861597
597,119.50257778974927,2.0666767487746918,42.3270193317858
598,120.46041367358855,2.025940675107934,43.18851677026363
599,122.52332081594133,1.9086421665213065,44.39791351624838
600,125.84358896175459,2.8756152885469115,32.0989644715415
601,120.26673229004689,1.691896854538229,48.07499818015919
602,121.81115767638883,2.0912110266499755,41.925595103265245
603,123.04975378569519,2.2974294018422476,38.74381863054363
604,121.19675459161363,1.6861317792310582,49.034748138010436
605,127.07267136095481,5.624563232078098,17.619769909401263
606,116.01952076899036,1.4043050975621547,56.49715092108172
607,120.23419733788423,1.657479863579157,49.41416572237162
608,118.53065203889032,1.918120206388949,43.95361408019264
609,125.25678416769371,2.6642468526116905,34.652201186089
610,124.54288312470433,2.981885989279621,31.276518616958192
611,116.04493952269594,1.45764442182673,54.1649466294234
612,122.5254146135165,1.9625947620280868,43.909136093198164
613,119.78717854702083,1.9378450954924158,43.87194511748494
614,122.60409928993384,2.417778057575854,37.907588414970725
615,123.87667044572821,2.18145368062607,39.73968240228588
616,121.11199440128568,2.0969346508246427,40.93027143064354
617,121.94243582230328,1.6752954547935026,50.324157848358055
618,119.11466577408493,1.8873632634124937,45.83305102306253
619,125.54303460530612,3.207633004353851,29.26523254796083
620,123.06393276070006,3.176377360951094,29.471061273304336
621,121.29738046998732,2.009479014681296,42.68727771372621
622,120.3169556769489,1.8521033439551011,45.449769870655224
623,115.92262774634419,1.4464829477269547,55.53827378165076
624,119.0238568703632,1.6631810651142858,48.19304967041207
625,123.07234899291083,2.338088057970627,38.194739289651196
626,124.33745129903471,2.6038788110979025,34.712839490035904
627,122.46670180457522,1.843745581639341,45.80903425756827
628,119.05331954376454,1.770200685994494,47.54962378432553
629,115.72189668686991,1.4181940904840824,54.44364582940869
630,124.06195033247033,2.745382737370017,33.535230451791094
631,126.1274100475406,4.286234745563523,22.61908679054084
632,120.93755926174076,2.131304554599696,42.24393594741134
633,123.66170415567785,2.767109408650478,33.61191083050923
634,117.14404884368332,1.3319742193206816,57.98564444923372
635,126.48045525598258,3.7913831486972955,25.364172901013205
636,119.85983447361376,1.673139049159729,49.16993043588429
637,122.77490695620932,1.9403898507166875,44.5566919495934
638,121.03112741247648,1.6816913276044438,49.09216255898753
639,121.00651188922305,1.8928970852528304,44.944443929452056
640,118.33015879293438,1.680267320766064,49.29879418145385
641,123.76220281333791,2.7986410964409383,32.99258852212286
642,117.36641035145368,1.5594022618678258,51.52814130555495
643,122.90835225736039,2.283534154677281,39.07117353233845
644,120.35575949851525,2.0411532497064147,42.962013072032214
645,117.5522303030382,1.5374843669908078,52.808051710080115
646,121.05366306343821,1.885771763355697,44.03783594935915
647,125.76227876972675,2.953523333024769,31.078826423952275
648,120.32226902016482,1.8414286699995328,45.81248272356874
649,120.47460882993421,2.2705532581253647,39.49723172275354
650,122.21039176966215,2.1172562517594042,40.77915090112651
651,122.73296704807758,2.221956361598046,39.999047937699046
652,109.46131921509128,0.9800146643484158,69.17921491552427
653,125.71856859540745,3.0192148060197828,31.18646266813096
654,119.85709619185025,1.80348673706071,46.47863299232701
655,115.74981714179931,1.358481805620636,55.94939946648739
656,119.74787885922258,1.9568650536486436,43.70036053593378
657,124.7340538085355,2.9689136596684724,30.978827846924183
658,119.7470275866859,1.9505859268069885,43.57850643539545
659,122.14386598645585,1.8167672028655653,46.19943842537201
660,115.2933711560227,1.358726415246073,56.615062249219335
661,116.96912579103132,1.3892217926993968,56.18291209204939
662,124.10826852084068,2.8179356366527215,32.64560886231139
663,117.43831140612299,1.3508107909728748,56.83149140920957
664,122.21596741329002,2.6232965517140316,34.21414450871766
665,123.75352327731764,2.7439550383896454,34.12743156826795
666,120.66596810798904,1.942592351636138,44.59831205838016
667,124.15423789958051,2.524301824731122,36.00867166465276
668,119.35297876113812,1.6575779383056324,49.518444709368225
669,124.04087177896214,2.196233165666135,39.53080764429003
670,127.31900561563047,3.609591853140219,26.37610959353016
671,117.55620890492519,1.541001671470304,52.870426718224884
672,120.5902674236156,2.0524540223803345,43.39572533435434
673,121.83131521601474,2.2136574661117456,39.40119761443088
674,126.9758147199828,5.06306484409001,19.46697128023153
675,120.14928258347126,1.7602164941119824,47.316018348222144
676,117.58093704110367,1.4730150818655436,53.14324867573117
677,118.60305358192555,2.051337778637443,41.947157594323784
678,111.09882300157754,1.2314213369381872,58.904664370923804
679,121.49842112072577,2.375077932240774,37.226646014957325
680,122.75695849063172,2.2986642090484724,38.9471452010374
681,118.53514361212066,1.7283485859068515,47.611521078466666
682,121.36504977484725,2.2440567428639837,39.009942171615805
683,122.72459738343794,2.2762285602622816,39.21587140865778
684,117.2158121616103,1.414309930034076,55.25206469181699
685,124.56062586105244,2.395105432110734,37.726839696249804
686,126.28204119484703,3.3962916390612934,27.399780789844815
687,122.84365754932665,2.235227122178599,39.22670047371155
688,120.9903319535318,2.2123636000417557,40.269386220385535
689,126.13827048234623,4.163099187470127,23.137043364139803
690,121.22392145062622,2.2074915431141746,39.57794595015077
691,120.53214772716404,2.2692253538761684,39.35688071955947
692,123.49550227995724,2.93454723773941,31.969536207148135
693,124.84402023809064,3.1024434154619285,29.95766149389165
694,122.96951134538203,2.546096004950098,35.80364503780741
695,118.43049491424615,1.729562591662929,46.901344439216096
696,126.0300048464284,3.4777292435257148,26.863016382083316
697,118.07980818663731,1.722441151596601,48.056430282325906
698,116.44935416502781,1.5262584286775078,52.902719090547876
699,111.90359034209092,1.1269546617750097,63.48762769104385
700,122.66908728614797,2.027871949974796,42.144223053468274
701,125.59303116231395,2.812634946967776,32.76167128322259
702,119.13210855902287,1.5869168139252128,50.54524922118402
703,123.73169118316763,3.4481351839793293,27.41168665353028
704,120.99747607833876,1.7211363502951198,48.0905288285623
705,119.92619955891087,1.9152960688493172,45.29682030297571
706,118.96723944690278,1.7252939630226403,48.588239785395814
707,119.18109076596403,1.563444499124282,51.523205392547624
708,122.66313106845644,2.086975576277775,41.154636504813574
709,122.17692733376094,2.1807145974947213,40.45847234008389
710,124.43955473702738,3.0441710236518023,30.037852072896175
711,116.92372671936319,1.5901394936459117,51.242893096667416
712,118.56013535001203,1.6937455639771994,49.02132533127835
713,122.13139571029498,2.339515804243444,38.21195937350746
714,125.9084110073554,3.519633163956903,27.16628355236948
715,123.81491408248533,2.9758061851239175,31.71693924597736
716,124.08085582205732,2.9098171218575133,32.244829868247656
717,119.22753567861767,1.7662534614829863,46.834023339243906
718,125.26737640464685,3.74195336582968,25.953752809721756
719,115.93247047774356,1.3714337699651769,56.70178752330062
720,119.11669219930862,1.74994529720186,47.2219283726644
721,124.88071636313289,3.011558156746794,30.537167323506946
722,124.67929154244096,2.1059042057705675,42.694859178331264
723,119.36154782198847,1.678134333819997,48.74801989341923
724,123.32010959875971,1.799932116202231,47.24997294177533
725,120.20604273248202,1.7412713746846158,46.88607532979853
726,124.13119341179487,2.431320400909197,36.594531951597084
727,116.78836531712282,1.4908362937287432,53.44237224629547
728,119.15966810450696,1.7888034803897448,47.93890103976633
729,122.8804489488244,2.4939362286956777,36.916057730762
730,121.06536865276414,2.123306209194766,40.56550916087811
731,124.18804269290983,2.7521460033148695,33.559044428338105
732,124.55043706081986,3.197623189587747,29.67784923732674
733,116.46413275343636,1.3499023446007625,57.67427844896617
734,124.4665053579008,2.7104978759991267,34.099732748055224
735,125.16776840790135,3.4739779886163373,27.631284493313604
736,125.29790144309189,2.6263579337975766,35.61678201683178
737,114.84634004571564,1.308718203796731,57.388210662962315
738,123.52205334879271,2.378631616224288,37.95749350283287
739,116.92137181925263,1.4229030418612159,55.75693768975238
740,120.00983380602801,1.9529203966305657,43.28046682026329
741,120.33735928122707,1.8499539080900897,44.644700928260285
742,125.02231747427017,4.463641952353293,21.7393409248209
743,116.63811874004959,1.5445778610590182,50.44339606698616
744,123.78612026279755,2.5350162570211197,36.03546043863843
745,125.5162139316104,3.2045136137930688,29.16128154000766
746,117.51735346210168,1.4268200949059042,55.18488661246096
747,124.40408555852478,2.9104964946585254,31.841974920251324
748,121.62002832008335,2.1010925603925,42.00928541964183
749,121.72524609907575,2.1062313704545033,41.75018358648748
750,119.20854400315997,1.8082901353516567,46.31849747319698
751,122.8452423875737,2.182985405142873,40.36203620013962
752,116.15850169038535,1.3801590348153139,55.500003215704865
753,123.22701585686326,1.7038046260143909,51.363523903329074
754,119.80422493211623,1.645421477389186,49.899950864800296
755,122.49225544929423,2.146061873702564,40.365649783117895
756,116.95785848130659,1.400105412308713,54.857495438235624
757,123.02674840985647,1.9406431650258602,44.70411510643292
758,122.82205845831797,1.9612506890466248,43.482132351954
759,125.42757951567833,5.873181791067899,16.834726222158555
760,123.53319336761241,2.271076312517751,38.13540419214133
761,119.260685733559,1.7350320243871247,47.632212299616924
762,125.02506316558257,2.8897007114668956,31.2249826493705
763,122.92586226865629,2.1925669650015673,40.221657981730935
764,120.16591193925322,1.8126331904936577,46.425775045403384
765,119.08515252714757,1.62468879542279,50.39350222796431
766,113.07539887183027,1.1512809901155583,61.87672166915781
767,120.37144381017939,1.840111159202482,45.693906457254265
768,125.7193678197972,2.9516959330004147,31.130368247084053
769,122.85333433042052,2.0534049016158193,42.04117419558848
770,121.33307781975263,1.7118593994093494,47.8198725928304
771,122.98680209368544,2.146971492378893,40.5937891017983
772,118.83617288953829,1.7610424056729503,47.24665473165156
773,124.53632555933153,2.593200671489987,34.56543552203908
774,124.87222029231908,2.9056314746966696,31.867050016226496
775,126.36814543581835,3.0299097846995955,31.034781705444058
776,116.88421521731817,1.5372373849661172,52.21514997090855
777,125.6599974096802,3.33185848752759,28.35556577374641
778,125.77893546041979,3.303049421380549,28.26351346201071
779,117.00718484430111,1.4153822729327927,55.66390275702346
780,122.78155454199148,2.1342407012005093,40.79097162846681
781,120.97696426129275,2.0771868580022868,42.09384005324329
782,121.17591220363708,2.217720586643067,39.267949697578565
783,115.22285566583159,1.3108464317193662,57.694195214093675
784,123.61010033185602,2.9500102210067825,31.297756045093386
785,117.98787898082308,1.4823670632394945,53.33658595595714
786,119.9593468155634,1.797246447143602,46.14648434038959
787,124.7761376102141,2.995405902328669,30.958897612155674
788,117.67392916141759,1.5296247090424047,52.975494411398515
789,124.61254105746143,3.6328530416136307,25.51336344348774
790,121.23899047081507,1.9722941584699416,43.140521293209616
791,118.07323246031372,1.6585044492247174,49.50170872372662
792,123.35177927735973,2.582626653628412,35.43149460136536
793,119.11596648405056,1.7308873798630091,48.213376762219795
794,124.01936436314308,2.4809071204746735,36.21293742368078
795,120.55472507797236,2.0143549626483424,42.34152360006055
796,119.31493789343465,1.5752972707446224,51.259060869664886
797,124.42654551308792,2.4523643925022816,36.41734369186583
798,123.41855450417093,2.516266313710835,36.41247622448008
799,122.60585562086146,2.1679578746643515,40.77443249685512
800,119.10063233575586,1.6662648421847461,48.436941117885475
801,117.9280547867209,1.6254562219031252,51.32473327080971
802,126.18167450593235,3.5822925917830286,26.724165751874576
803,122.9633057483135,2.5426338132637545,35.937723387061446
804,120.21426116255331,1.7565940255086436,47.4130161841077
805,119.10648336643574,1.643766958142338,49.453949453813046
806,123.48706312958106,2.1640023023150237,40.18866560650896
807,118.56529737386167,1.7007037672584027,49.388684621291745
808,125.67740600442093,3.1529053941479552,29.349047927486726
809,122.43305391289411,2.0983927334929717,40.91738510293388
810,119.9795739973678,1.7196002507451216,47.77940158331888
811,122.68396477680848,2.2803311744997954,38.77339250444425
812,121.51883362151139,2.0918060624449457,40.791132940270074
813,120.84407222498933,1.8373670419422283,46.23611396854022
814,122.89828299048118,2.2788427639839295,39.08941244107705
815,121.34287341860133,1.7428917722815322,47.510320829714736
816,120.4175547962976,1.8678287051558364,46.266094488629946
817,122.70632308045207,2.081620926705686,41.45293273501217
818,123.24268608749163,2.3078819046479815,38.509294878048465
819,118.68214147993923,1.5823142921999385,50.814908002811194
820,122.0941937027045,2.0716238014087867,42.11319725607893
821,119.4722413682106,1.6857755747942813,48.929071263656
822,119.59512012247797,1.8074881096676663,46.59787759209974
823,117.15768517984499,1.4629337291590725,54.07931743426237
824,119.44715786983564,1.8052664734234156,46.65998864011175
825,117.30576420571433,1.397952836674511,54.37169822508029
826,121.95424489760907,2.0920121065586734,41.49238861956425
827,123.36640812763613,2.6477781474211715,34.957246497858485
828,119.45800273096015,1.7412947131791594,48.05879532680934
829,119.1476256832188,1.5649839469868017,50.96617986676206
830,127.1567979130319,4.323398470223019,22.520882459335308
831,117.86667100604652,1.64358616370641,49.78361947966288
832,117.58961561409537,1.6792241136302966,49.20273095122218
833,121.40457185163524,1.7533301198868394,47.37835423692773
834,122.14691923632714,2.0003881104339727,42.626482462643786
835,116.4120945537742,1.8051448091936027,45.81941805071088
836,114.52908910529678,1.2069328625373734,60.397139805469926
837,117.55275650724231,1.6053060454171384,49.98644505872457
838,118.13976439683105,1.6602357758874808,49.37454872240265
839,123.77667226398533,2.679991189947428,34.317814803781786
840,120.98460955185496,1.9748233509079771,43.717951400968886
841,122.02212664672054,2.1115600838387754,40.84071799550055
842,124.98099738349451,4.417234899542874,22.025504704288778
843,121.49639253776441,2.140448569512828,40.927575159603194
844,120.52308506625648,1.8785449993180754,45.00667665071939
845,125.8541435582879,3.2664389063895376,29.067322272792016
846,116.83245730250566,1.4619905139441287,53.55629642259247
847,124.56164400873887,3.121368217830313,29.618713742438565
848,122.73049907775031,2.305883917821688,39.11642773090491
849,123.43880152141371,2.4193529846659256,37.008702471637726
850,119.42905801043071,1.8321436802130464,46.52453871423672
851,113.03830646309483,1.2918539181334572,59.329213925022394
852,115.96175463346329,1.4062283569121432,55.239737430167246
853,118.92510108947279,1.515124698068693,53.264488361233994
854,119.49029564653578,1.9271793137032307,44.05731209268839
855,121.6512351378691,1.6552192375835157,52.64878588055661
856,123.82143800961052,2.4308065573401683,36.39506593606571
857,123.42459913517172,2.5541710106724356,35.19758037857976
858,122.09211512009499,2.107435934026922,41.67077233552337
859,123.82997547540089,2.9704497959013807,31.259043633845742
860,118.4821912253696,1.8429376970915297,44.626220726613454
861,119.40599547156097,1.902416933612386,44.44275963355161
862,125.94535814696796,4.032997112698899,23.629586895605733
863,123.37269502977323,1.8741010769875086,46.09183959827089
864,124.10864577991138,2.844738597226131,32.66342756730596
865,120.19698462295092,1.9055705880617464,44.03171795693724
866,120.74148914450079,1.9876217332176782,43.98944901185147
867,120.37503900709362,1.720208830326678,48.54107660609036
868,124.69007873615459,3.1216355147230934,29.914048243708805
869,123.41029396609228,2.589634929813342,35.581213347732
870,121.9277464664867,2.157272964913303,39.93166638532296
871,123.46529803454195,2.337246970800356,38.10023402428869
872,118.46292382364629,1.5822968910718347,51.36628199155317
873,122.35072938668195,2.2288374922684255,40.07625160754729
874,118.23861579445837,1.4824982006018017,53.59234250411401
875,125.27968728406626,3.0409089532946365,30.62119471186024
876,122.89424022896696,2.1158185012144792,41.248061902282906
877,121.48473380950966,2.0600455586564426,42.51634257167653
878,124.65581645023235,2.6033956198202106,34.701159863899505
879,119.47009377401032,1.5120048648410065,52.971664536742836
880,120.53349011850592,1.7129601629494753,48.22218662009096
881,116.38503277502456,1.4739213005297351,53.71595715736861
882,115.68484770246658,1.4029065242083587,56.608420592844695
883,121.85499907645837,1.9762889501094354,43.60607363495363
884,124.94050083702719,2.8644984093663726,32.1167808793507
885,118.95515429934073,1.2592152400746042,61.728180439942534
886,119.54357746315374,1.955494433977949,43.8421631923537
887,122.43451576458412,2.121464388796582,40.94457099203152
888,127.05235790729839,6.658653063781742,14.603824693911008
889,117.18042588289272,1.6800974668241977,48.17587856710252
890,116.09100778080234,1.2983839220183022,59.04523334766842
891,118.75617738709457,1.5420267414974855,52.081745026923855
892,122.58102208219104,2.2449954022881697,39.59099910674235
893,121.47514419035187,1.9758810215215183,43.18677785724963
894,121.18190589319327,2.0528764546499567,41.51114835215759
895,118.20532509072684,1.8048422094214487,45.987785748232525
896,121.59461030399899,1.8389172732898542,45.484138452348745
897,123.3294957268549,2.240586537046263,39.01247130603243
898,115.22864370512973,1.1984494134531896,61.04946612130251
899,122.30613637600727,2.1909814905613385,39.97386569832257
900,126.62632776821911,3.4662337144910706,27.368415290187368
901,119.79610379199106,1.7104756781649004,47.40255462146006
902,123.82132872254554,2.380717463558875,37.492309546462835
903,122.78083991025335,1.9385724716775687,43.86359825659081
904,117.10841292430909,1.488898641669178,52.55301267138505
905,119.56005389965274,1.7012603168271088,49.022470380479064
906,122.96173514412484,2.4284071719816973,37.45132676691045
907,119.44041449234724,1.9090250918062452,44.418926340557746
908,117.23372650677716,1.4605843178139237,54.353973560716426
909,124.35560394647074,2.5343920906249213,34.87564942591131
910,122.6657355593086,1.3551759101436203,58.871746986738415
911,126.24601738432466,3.6511764552660817,26.259755340320083
912,119.1537150710304,1.9216686001019163,44.09265441973455
913,122.35509094952972,2.2513412678522555,39.754030703505606
914,119.3779578380561,1.476991671348669,54.07928337569931
915,118.3387801630928,1.7462504425158587,47.940658824573525
916,124.12135823909777,2.600917043268623,35.2761081708947
917,123.78823722434805,2.3516264477223308,38.51656441858402
918,127.0786220905827,5.776471061472163,17.17445642288482
919,122.58283156703096,2.7958007743924482,32.81123975335372
920,119.32451531349231,1.6590390576558247,49.380292056800094
921,120.19696868592918,1.8596683045258728,45.210091763191144
922,120.29843826137153,1.687334022317534,48.54910729040736
923,118.42843225346635,1.8456647016455754,45.126324215177085
924,126.1227302840438,3.6557428762111734,26.313363693035168
925,120.53950900058672,1.6184877874599795,50.475288741866464
926,120.42931583299355,1.844920006837354,45.29681406449944
927,118.82115199590176,1.8983734691327114,44.46842316675133
928,126.45814226265752,4.113539044691348,23.672842497313994
929,119.33740772430478,1.6308001611141019,50.17409465073702
930,124.11930528158766,2.8485842942402586,32.238442475185174
931,126.07216799992182,1.8041279432233694,47.87950509193421
932,116.48380437704272,1.2745187306374777,60.424537023447314
933,124.38472753910357,2.9867079893629307,31.249652414568345
934,113.42764068238608,1.204586294255523,60.92424566520123
935,123.96864896552577,2.4291301537931584,36.84597066119153
936,116.50951990627455,1.247885462149442,61.19557081388322
937,123.59513160057878,2.687712111531423,34.700344347532045
938,116.44012439041187,1.4155111046398865,55.66893120251031
939,123.27050841117786,2.607116424775603,34.628194763626865
940,123.34119828888674,2.1556075248206876,39.97744768055033
941,123.18226994687839,2.5574763777374074,36.44178389784184
942,124.23183420785449,2.2477159052002924,38.92776616021472
943,119.91323271074816,1.6897889970108393,48.826309946270456
944,124.02674289041974,1.7574188430556363,48.66042348322447
945,115.97955702223182,1.3869636333873854,55.407672391054376
946,119.47307477017759,1.7907877218135453,45.55476629610807
947,123.59437523464798,3.275530922918056,28.66157805525698
948,116.49166519240384,1.3601251747184642,56.00141053571635
949,123.13607253040111,2.5036526668642916,36.17933361056062
950,121.87390317002877,1.8361783877993976,45.546573318282604
951,126.19006264278785,4.085455075035528,23.67260932818783
952,126.51124499961044,3.4741932470371912,27.324831864139846
953,123.53443242688003,2.4434434619190926,36.60421613971131
954,121.28423500649622,1.9533497048085486,43.582315430129164
955,121.63577570059878,1.910645574498353,44.69774245564224
956,117.08286764871127,1.55587099950464,52.18147157741133
957,121.53160313533326,2.540964022220084,36.144264769144726
958,125.69399548191419,3.341829786921719,28.37202355407584
959,116.09623095363641,1.5839928050273728,49.10765969879886
960,118.44679405105029,1.5518485284270418,51.18404839301077
961,120.06747367175234,1.9629149899482257,43.09844300908171
962,123.08029800899469,2.530584684249502,35.96831001988595
963,119.82150714459424,2.1178345564931855,41.32644817725096
964,125.0909508495695,3.7473021511623616,26.321460978742767
965,122.56411866805063,2.5251652502531914,35.90884500584011
966,121.16171979108663,2.027311137389594,42.673336312520895
967,121.43285951908746,2.0446710004351467,42.23468232137642
968,117.19143979791079,1.5950939210964428,50.67282272752495
969,125.34415114782249,3.0386710297077886,31.10282400436665
970,118.99529668407314,1.6775897315650161,49.51393477024457
971,115.73998839226451,1.2657220791894215,59.615527320496035
972,115.20832150305313,1.2308221690585728,59.312288868559946
973,111.91753450549933,1.190636055947366,60.17279618454496
974,122.0081519989798,1.8900629748122986,44.81500230832539
975,118.9242543984816,1.8443965485689975,45.82027570686721
976,124.23915832727567,2.721521230384816,33.4574870385458
977,121.33880416641243,1.851596534243748,46.31359260476975
978,117.18558607066473,1.4671477078391972,53.22367919046159
979,122.99923614081787,2.212075772848738,39.713766218391854
980,120.33350330721863,2.0174081470443537,42.1396113666256
981,125.57786859280723,4.518794867103575,21.795757910372785
982,121.2091131998838,1.9520649281139515,42.89136184974853
983,123.68335688838829,2.311393112668888,38.525662029432894
984,123.57277574125328,2.461344435568468,36.449630666140976
985,117.9614349532857,1.4884136669769363,53.572020218103226
986,123.93237433444929,3.0526649068005067,30.68051867596623
987,126.0833164021081,2.7371903632290357,33.54908350822375
988,117.2051323460832,1.5522176799657867,51.50281572977756
989,119.38397221729866,2.0231003657693396,43.14234201361
990,121.67245129396763,2.0521548702409946,41.7473605201576
991,120.1483624933031,1.8394443894220736,45.16561085524955
992,117.20373058780785,1.5127846214916874,52.06689469112016
993,117.84503063480952,1.6687522688626435,50.4301149022495
994,118.6153266088901,1.6594935127855788,49.1594551174196
995,118.41511908457454,1.4669701026204023,54.34644135378168
996,122.63187385548069,2.3537361392050564,38.51271550300131
997,124.4946617061848,2.9498273770170256,31.88471131022052
998,118.40455493485243,1.7072484464628823,48.138894771073254
999,114.98395710623767,1.290157411992676,58.32127744616638
