reaction2_mm_results.csv,Vmax,Km1,Km2,Ki1
0,100.00010063683285,1.999995449311108,2.9999927600311826,0.9999928866139993
1,99.99975861977349,2.0000021219069266,2.999981512308661,0.9999989578636234
2,100.00038376605742,2.000036026426045,3.000008465536358,0.9999978765245517
3,99.99933407435125,1.9999579338590994,3.0000013126200895,1.0000137415737511
4,100.00037371470299,2.000004119036744,2.9999895446326654,0.9999805863537042
5,99.99895636624218,1.9999110770183812,2.999999622152066,1.0000040016240859
6,99.99899300645657,1.9999216021589628,2.999957504638823,0.9999946246175005
7,100.0005592777808,1.9999705982070186,3.000077677172616,1.0000029127152372
8,99.99873869530492,1.9999322609765533,2.9999521910372913,1.0000053840043395
9,99.99968738719298,1.9999743888059338,2.999995165622642,1.0000041920224525
10,99.99955378664883,2.000007355304689,2.9999804833623616,1.000005728887617
11,99.9986592186048,1.999922211532342,2.9999679646374298,1.0000108567987909
12,99.99977661317419,1.9999931092790608,2.9999901567974607,0.9999981902637625
13,100.00090821134133,2.000018598599946,3.0000222236298217,0.9999802208993211
14,99.99991505954348,1.999959941791924,3.0000361584668536,1.0000150158654435
15,99.99974124647946,1.9999556019541933,3.000012734519489,1.0000016118979744
16,100.00019441376844,2.0000077755352956,2.9999983570813806,1.0000005587747836
17,99.99961532906498,1.9999872807014922,2.9999638705717806,0.99999417636511
18,99.9997998669144,2.0000222498567966,2.999986299423199,1.0000046162779477
19,99.99900336929886,1.9999184091299356,3.0000130930677735,1.0000120377872703
20,100.00021890432568,2.0000473021649854,2.999976751981711,0.9999940551192256
21,99.9999414544565,1.9999853568754598,2.999998135181751,0.9999978131120186
22,100.00039245020622,2.0000192011412423,3.000012638078063,0.9999985774735414
23,100.0000231940536,2.0000136885257596,3.0000052825274595,0.9999967526951603
24,99.99994008923287,2.000010947045989,2.9999730091254135,0.999996863354862
25,100.00007424040673,2.0000187777202343,2.999986996967624,0.9999995539456221
26,99.9999413365398,2.00003550807295,2.9999686237505663,0.9999936348438248
27,100.00024685507022,2.000028106707578,2.9999834939946854,0.9999894396473888
28,100.00074287624031,2.0000763929734537,2.9999870661946355,0.9999941862555275
29,100.00042354749063,2.0000276818034273,3.000010066257927,0.9999928455812223
30,100.00013075621804,1.999989274554712,2.9999987104783723,0.999994504998139
31,99.99944126991574,1.999989413320497,2.9999829481134648,1.000011900563402
32,99.99973330057047,1.999969564615496,3.0000187837531547,1.000007891046721
33,99.99898395674394,1.9999893230179748,2.999953893583082,1.0000066633493128
34,99.99961937395506,1.9999779075577981,2.9999967701027983,1.000004929114332
35,100.00006773701443,2.000009609107071,3.000006987728902,0.9999978967597357
36,100.00104819087521,2.0000457331515666,3.000020510408377,0.9999868675869172
37,100.00009089854669,2.000023237953899,2.9999827219000466,0.999998230967321
38,100.00011364319879,1.9999931115413525,3.000007523001817,0.9999907959501814
39,100.00015382655052,1.9999722986015844,3.0000061421240036,0.9999925239866306
40,99.99961258885673,1.9999875732446435,2.9999531532751327,0.9999917948811882
41,100.00034388537091,2.0000581428668704,2.999980092386283,0.9999966162710778
42,99.99982277336068,2.000008944629374,2.9999902148179465,1.0000015273112834
43,99.99973384185544,1.9999815587894545,3.000023595112181,1.0000082943081108
44,99.99875760427348,1.9999811714091018,2.999926402682811,1.0000042816262769
45,99.99976484059964,1.9999974180416256,3.0000041912521014,1.000011553326586
46,100.00056535368951,2.0000402151536774,3.0000177088421918,1.0000015886793312
47,100.00113255614919,2.0000427376675445,3.000036828183635,0.999985707187969
48,99.99915297386376,1.9999817251394996,2.999953688287292,1.0000026027478268
49,100.00007633072873,1.9999801888574356,3.000004948994987,0.9999957189974926
50,99.99933581613759,2.0000002281454092,2.999965060896226,1.0000078606368816
51,99.99888695741848,1.9999903311070004,2.999942272308254,1.000008321414682
52,100.00016848019611,2.0000061619605787,2.9999940237676115,0.999999295663061
53,99.99960165556425,1.9999788646285965,2.999998983824334,1.000005491825636
54,99.99886307435591,1.9999777297671746,2.999959132469711,1.0000121331178216
55,99.99917628166638,1.999990352508965,2.9999266175683705,1.000002048735152
56,99.99936662076904,1.9999450444724918,2.9999972552381826,1.0000038041820225
57,99.99975705586054,1.9999676290441661,3.0000109346989983,1.0000094325909656
58,100.00061559521035,2.0000161824722995,3.000020798033659,0.9999928905753369
59,100.00008794004212,2.0000345654049534,2.9999695187679425,0.9999967587555109
60,100.00020526504404,1.9999999730700218,3.000044729556283,1.0000069939595628
61,100.00016211037185,2.0000350587625273,3.0000004382378522,1.0000015617586695
62,99.99947891151898,1.9999853392269014,3.000005795883893,1.0000171194266527
63,99.99952839887979,1.99993058742889,3.0000134438280512,0.9999980000479237
64,99.99928708894896,1.9999174379512947,3.0000267995048158,1.000015582236496
65,99.99917028004737,1.9999522628606647,2.9999806146859576,1.0000013949185784
66,100.00015475977932,2.0000080563120495,2.9999799344569476,0.9999960767103145
67,100.00007479925017,2.000019261525052,2.999993281657804,0.9999989839812692
68,99.99933348157975,1.9999706867762799,2.9999830589563232,1.0000050378396697
69,100.00015263164251,2.0000336046162213,3.000012236928032,1.000013016611435
70,100.00026815476316,2.0000985968758385,2.999924921365196,0.9999990697883837
71,99.9999020263576,2.0000027348209146,3.000017233565055,1.0000038568629737
72,99.99974824246623,1.999976670199597,2.9999861690986798,0.9999969452697789
73,100.00024889214247,2.000034200067701,3.0000090084168827,1.0000081779003598
74,100.0007470279913,2.0000200561822017,3.0000438486898546,0.9999992815004646
75,100.00008358143278,1.9999762622268522,3.0000260542509576,0.9999998466351301
76,99.99963141516307,1.9999874161375577,2.9999442571924035,0.999983487635676
77,100.00043863863961,2.000060116560926,2.999990402596447,0.9999916129915389
78,99.99945654133599,2.0000041054837867,2.9999589802243087,0.999999926472835
79,99.99967066382699,1.9999938595139821,3.0000011107013296,1.0000059982368263
80,100.0013766520278,2.0000826288239897,3.0000071371484287,0.9999789883167379
81,99.99985727455027,1.99998484987081,2.9999795914793284,0.9999956090848736
82,100.00000085637217,1.9999799584415718,3.0000046981653146,0.9999993240869776
83,99.99901868297133,1.9999676446503487,2.9999754594016745,1.0000159291271247
84,99.99877122878274,1.999913382105548,2.9999758822410048,1.000006209047483
85,100.00032312662537,2.000000548525305,3.000023467707992,0.999996878575834
86,99.99960084662456,1.9999909176078479,2.999998506793427,1.000010573126325
87,99.99948436104376,1.9999413928690593,3.0000042504595292,1.0000064141144125
88,99.99982747698127,1.9999650086396292,3.0000216745606694,1.000007821740852
89,100.00040331393961,2.000016224165901,3.000028090897003,0.9999991338247478
90,99.99945141611144,1.9999689769421567,2.999998859889797,1.0000060764716412
91,99.99999406790674,1.9999880592886339,3.0000142173831845,1.00000419549449
92,99.99953890810444,1.9999579855286354,2.9999929732045736,1.0000047430162622
93,100.0000670738115,1.9999976563340598,3.00002254339055,1.0000021679283078
94,99.99980791808522,2.000004233436034,2.999979200993274,0.9999959503557865
95,100.00018131264987,1.999976138825018,3.000039806612435,1.0000056672745317
96,99.9995014731083,1.9999322390599903,3.0000302818608073,1.0000079404902764
97,100.000204761108,1.9999730556444257,3.0000426260160267,1.0000070969431638
98,100.00038279450058,1.9999931746257364,3.0000137965422464,0.9999891618185462
99,100.00004104306568,1.9999908681057825,3.000022104665464,1.000004350593698
100,100.0002571316552,1.9999922068405458,3.000025371259152,1.0000024242119012
101,100.00094379775352,2.0000311836799476,3.0000572451264986,0.9999962184502224
102,100.00018560794098,1.9999856159231393,3.0000188953194478,0.9999978932270468
103,100.00017981571722,1.999992123333746,2.999991877370779,0.9999856549643378
104,100.00096711415951,2.0000250995953306,3.0000160981777872,0.999985152424555
105,100.00034928035019,2.0000448839041125,3.0000054932398608,1.000001582168091
106,99.99926764651298,2.00000374905277,2.9999604136115265,1.0000088824600124
107,100.0000256418191,1.999962258702398,3.000017786596999,0.9999932216946171
108,99.99969977800531,1.9999744390982752,3.0000268238346615,1.0000120951455376
109,99.9987370062162,1.9999300608332724,2.999988554504833,1.000016450413336
110,100.00040600354016,2.000056118161349,2.999970109880098,0.9999975782111985
111,99.99956747885906,1.9999742486069818,2.9999785065247395,0.9999955213631789
112,100.00035615476261,2.0000012852918303,3.0000411788955383,0.9999990935601104
113,100.00026834653835,2.0000513736522185,2.9999794618232154,0.9999965289632112
114,100.0000277904475,1.999997918368384,3.000014716695157,1.0000028783924217
115,100.0001355439198,1.999975875436197,3.0000153012469055,0.9999948196394907
116,99.99979460600625,1.9999896573729754,2.9999937050728294,0.9999977531032165
117,99.99941819695269,2.00001045380699,2.9999703679016188,1.0000089090552982
118,100.00028895945664,2.000017671031668,3.0000233792904076,0.9999950683874319
119,100.00033553923808,2.0000252792244075,3.0000141895090695,1.000004056491511
120,100.00031056027977,1.9999942558404191,3.000009349615798,0.9999985256651245
121,100.00076950081446,2.000031911933634,3.000035373915664,0.9999951611317254
122,100.00015843611752,1.9999530811308797,3.0000552533112206,1.0000004796354809
123,99.99949924738375,1.9999887980403248,2.9999811788029858,1.0000035918125616
124,99.99967970427629,1.9999682685482694,3.000005452547485,1.0000060505856374
125,99.99952652436434,1.9999647595335424,2.999994611444243,1.0000058879997695
126,100.00079881030535,2.000013853279557,3.0000256646947308,0.999985757615324
127,100.00003538282597,2.0000191356574626,2.999980526087229,0.9999985800660124
128,99.99959146936462,1.9999593300456378,3.0000070692391034,1.0000078010080655
129,99.99997440044346,1.9999802918802079,3.0000434327992185,1.000008789061396
130,99.99939516846041,2.0000100256694555,2.9999722458560982,1.0000083152868027
131,100.00001020351236,1.9999828697154436,3.000015460967586,1.0000006073813081
132,100.00058063288732,2.0000068632228616,3.000043681725412,0.9999975259648504
133,100.00030985961787,2.000026700139206,2.9999751083863533,0.999990130802675
134,100.00072642337885,2.000050728891713,3.000008896893257,0.9999943856402544
135,99.99959971144573,1.9999816836918884,3.000004036561283,1.0000053386717944
136,100.00022731102403,2.0000266635168655,2.999985090186889,0.9999949948908465
137,99.99912587883576,1.9999162598188958,2.9999746587450473,0.9999917320884103
138,99.99916225997698,1.999976285233821,2.999951202632439,1.0000048707968376
139,100.00043541252077,1.9999968163800215,3.0000095573252787,0.999986759587389
140,100.0000404966936,2.000022613352636,2.9999659003321284,0.9999918834223168
141,100.00009325505957,1.9999528922920928,3.0000628189959038,1.0000043335474051
142,100.00018763561398,2.000007463518738,3.0000288026473085,1.0000085788525481
143,100.0004498420562,1.9999974774824862,3.0000303399080193,0.9999997364679255
144,99.99954964577452,1.9999563622096406,2.9999964028494963,0.9999973581555625
145,99.99930348351455,2.0000547608116506,2.9999319192697214,1.0000083997926383
146,99.99974076814443,1.999978391263499,3.0000032536802075,1.0000008491757666
147,99.99992564994479,1.9999883115091022,2.999996568252099,1.000001535348875
148,99.99966084246982,1.9999686089244912,2.9999905960269504,0.9999993162055675
149,99.99996595087732,1.999976328832761,3.0000187496584028,1.0000051508182266
150,99.99976879601702,1.999983704047219,3.0000059018723486,1.0000039087844972
151,100.00047985600406,2.0000224412814687,3.000047428235734,1.0000114841053096
152,99.99934814850737,2.0000242846244283,2.999921992441262,0.999995283732753
153,99.99970654766992,1.9999864523605626,2.999996286029752,1.0000000843483847
154,100.00025995320446,2.0000273529241333,2.9999630056771585,0.9999866862999692
155,99.999778485884,1.9999942364702357,2.9999856301129397,0.9999977893011696
156,100.00033793711546,2.000011152443242,3.0000098787911216,0.9999898586842467
157,99.99960552463878,1.9999563553010302,2.999980060226519,0.9999991510952809
158,100.00053254232986,2.0000228449240574,2.9999994912950583,0.9999932205457384
159,99.99979838004805,2.000031615881994,2.999950367993119,0.9999997472380048
160,100.00010029175196,1.9999942117009326,2.999988036579431,0.9999952245355721
161,99.99874759170348,1.9999417511468172,2.9999500731724567,1.0000091669276148
162,99.99954284868879,2.0000189086363087,2.9999544036866697,1.0000033271052293
163,100.00040978465725,1.99999315833467,3.0000130894648316,0.9999914820328034
164,100.00005029615502,2.0000206284192155,2.999981871687137,0.9999942968310738
165,100.00046301968023,1.9999733160606625,3.0000941661792204,1.000009654517414
166,100.00000564389384,2.0000195711528983,2.999970202985634,0.9999981060789837
167,100.00003825037543,1.999971414495853,3.0000055788159714,0.9999927614667609
168,99.99995097097205,2.000012835049931,2.9999858772138768,1.0000079581094135
169,99.99990236312183,1.999982456860719,2.999996251957635,1.0000025713032399
170,99.99967635409303,1.9999723618994432,3.0000245051482484,1.0000120178879124
171,99.99993470426918,1.9999761417335975,3.000018184685263,0.9999969573930846
172,99.99946392904789,1.9999810151924948,2.9999993988749987,1.0000131610039158
173,99.9999221136735,2.0000100928295583,2.999968219983728,0.9999966859771566
174,99.9989852489228,1.9999700094446533,2.9999517137396667,1.000004475450774
175,100.00006256782656,1.9999822724415466,3.000013704727796,0.9999966291130279
176,100.00004266808097,2.0000404765819666,2.9999861255884954,1.0000030379426372
177,99.99988827682789,1.9999854993514015,3.000034769899764,1.0000166748783992
178,100.00000631536406,2.000027543760335,2.999966815294113,0.9999972013616143
179,100.00031676227951,2.0000482303731046,2.999994408475853,1.0000026717653554
180,99.9995218465248,2.0000013361051017,2.99996231658741,0.9999999747428653
181,100.00024685341943,1.9999678322437087,3.0000691105257054,1.000007183602575
182,100.00054681548755,2.0000141738577994,3.0000328722279113,1.0000044375878563
183,99.99997687729474,2.0000014866662585,2.9999942379123437,0.9999982750047318
184,100.0003173935843,2.0000070438740436,3.0000021302725797,0.9999956283944805
185,100.00089789071075,2.000028107071657,3.0000438926140007,0.99999044176484
186,99.99978770720594,1.9999631129186157,3.0000134037167125,1.0000058343660339
187,99.99913960096451,1.9999434748520255,2.999994232709283,1.0000087391719021
188,100.00053274257024,2.0000058337295044,3.0000269001162505,0.9999913012967709
189,99.99945739177832,1.9999745004077298,3.000010162233609,1.000011602947773
190,100.00001794106015,2.0000155864344245,2.9999956660914093,1.0000053196825187
191,99.99995259189323,1.9999829403866705,3.0000036459907755,0.9999957155695827
192,100.00064065020227,2.0000282169187877,3.000025335543733,0.9999997673623879
193,100.00085024132349,2.000030849234151,3.000017404500653,0.9999906328125335
194,100.00090716976784,2.0000736562479147,3.0000208807218476,1.0000023667299767
195,99.99907025900559,1.9999148534448923,3.000009789235191,1.000011538816959
196,100.00031044392249,2.0000286820857496,3.000015735234057,1.000006455478309
197,99.9996126821611,2.0000298190617505,2.999936287178027,0.9999960434888943
198,100.00043344015603,2.0000050883321587,3.0000260220150006,0.9999977752665467
199,100.00008753916046,1.9999704591523837,3.000026530295632,1.0000012530152023
200,100.00033647804362,2.0000260115437127,2.9999833561327844,0.9999892523502869
201,99.99991800383165,1.9999606981545817,3.000020502684623,0.9999931041463719
202,100.00034461909087,1.9999878758906133,3.0000478851232564,1.0000043886623535
203,99.99981826554996,2.000002987991909,2.999999319487806,0.9999994446881348
204,99.99937151220956,2.0000099012801456,2.9999653142340748,1.0000039995613292
205,99.99960852897405,1.9999511775453809,2.9999972152332486,1.0000008930077129
206,100.00064443295351,2.000033106407286,3.000034258648817,1.000002997591518
207,99.99944892626934,1.999997512545364,2.9999658064306534,1.0000031901071567
208,100.00021185044385,2.000014212705586,2.999997681679082,0.9999897678897836
209,100.00021838164105,2.000002953410774,3.000019795143596,1.000002113184827
210,99.999399865499,1.9999577093913248,3.0000183828583804,1.0000147938665918
211,99.99998677924387,2.0000434320326352,2.9999649798943473,0.9999975005281689
212,100.00002142578997,2.000042457953195,2.9999866716644648,1.0000007918872458
213,100.00085137716334,2.000018366430652,3.000030102167571,0.9999851730876237
214,99.99958349036767,1.999952411337546,3.0000250782282127,1.0000120080645747
215,100.00073604696014,2.000041696309315,3.0000138254588102,0.9999952962005465
216,99.99976829036748,1.9999493060007452,3.00000953449737,0.9999987720600495
217,99.99944448766925,2.0000080512250498,2.9999792446273026,1.0000168210339044
218,99.99897158280177,1.9999723274955188,2.9999591255730667,1.0000094815578278
219,99.99968588824996,1.9999985683482304,2.9999939366440502,1.0000083559900408
220,100.0000197542676,1.9999475702680853,3.000023337621514,0.9999877061151556
221,100.00050758400725,1.9999828241881443,3.000035599283301,0.9999976087651663
222,99.99998356038873,2.000005188131481,3.0000098097265857,1.0000020914666568
223,99.99987560532361,2.00001471676844,2.9999654300936003,0.9999941661150133
224,100.00023563440907,1.9999938305815619,3.0000408281151234,1.0000020670991223
225,100.00029149915986,2.0000322339563867,2.9999784968391623,0.9999887267375824
226,99.9996360485439,1.9999522540380457,2.9999772679766017,0.9999874028398654
227,100.00041471075497,1.9999941608097145,3.000030338045318,0.9999956353758392
228,99.9996645861917,1.999953007136691,3.000010054845186,1.0000026658943175
229,100.00032480670991,2.0000100534198704,3.000017437383927,0.9999973236347758
230,99.9997629006316,2.000008940474834,2.9999900063633733,1.0000019269150795
231,99.9992234291096,1.9999485126448768,2.99998883112534,1.0000075696587116
232,99.99968752838173,1.9999732703156605,2.9999816696523953,0.9999955735083328
233,100.00051096821757,2.000031135296756,3.000024903958613,1.00000236545957
234,99.999592439976,1.9999976604020153,2.9999928488138,1.000009791063835
235,99.99988806771765,1.9999559165105152,3.000016627712265,1.0000021445877523
236,99.99984385177153,1.9999767849414516,3.000017280539006,1.0000086650781406
237,100.00068149873809,2.0000287688256253,3.0000015901355352,0.9999803137601291
238,100.00001140662938,1.9999760731561103,3.0000122066748047,1.0000041836450642
239,99.99956337503451,1.9999857927287361,2.9999750610090667,1.0000008626312837
240,100.00002025028208,1.9999919532461394,3.000022272231827,1.0000047539035075
241,99.99952664367112,2.0000068835627998,2.999962365623767,1.000003060526174
242,100.00007440541341,2.000026725659936,2.999987843970381,0.9999964772172075
243,99.99975796912942,1.999963436354352,3.0000036022405205,1.0000017537466563
244,99.99982627894677,2.000011578794953,2.999982543768136,1.000003130343661
245,100.0000038505274,1.9999624457843375,2.9999947790946173,0.9999931996978666
246,100.00102909463294,2.000069501012042,3.0000000519144328,0.9999840681279436
247,100.0000973058308,1.999979839861809,3.000034834614415,1.000002460157728
248,99.99930934202263,1.9999571519470964,2.9999954460206135,1.000010638297281
249,100.00057333494847,2.0000554243201614,3.000000879501328,0.9999921948800853
250,99.99983153348572,1.9999644919793043,2.999990770458306,0.9999941006559154
251,100.00002410740734,1.9999787312272157,3.0000366482831726,1.0000109423109358
252,100.00016878171154,1.9999759079879917,3.0000549820010796,1.0000080988461104
253,99.99998565145094,2.0000091631786754,2.9999852176464605,0.9999939322875904
254,99.99984866357893,1.9999291494546076,3.0000525954610735,1.0000013338117328
255,99.99930339926411,2.0000365281040215,2.9999498450258346,1.0000054597558214
256,99.99963598936021,2.0000214970623915,2.999958237485447,1.0000027369854128
257,100.0002750736396,2.000029557174164,2.9999807610718268,0.9999954167925276
258,100.0001160368995,2.0000309314825038,2.999984259440463,1.0000016081058072
259,99.99945001726303,2.000005242586296,2.999966076759386,0.9999987543922737
260,100.00055931812182,1.9999774718027932,3.000066641540012,1.0000020268075211
261,100.00098041915182,2.0000122530920565,3.00003106944954,0.9999860611934758
262,100.00006654295537,1.9999756643837945,2.9999923759091716,0.9999900430933966
263,99.99975574709794,1.9999567866011332,3.0000198312665254,1.0000038412884982
264,99.99982603449334,1.9999783724848093,3.0000071529270254,1.0000059769692466
265,99.99968287236062,1.9999829707165298,3.0000126942675407,1.0000079240676643
266,100.0016596435624,2.0000653889495585,3.0000612192627574,0.9999914024702421
267,99.99994633269004,1.999991109396993,3.0000053918961873,1.0000003300384577
268,100.00014324893841,2.0000292857363284,3.000000470271341,1.0000049467947778
269,99.99983773625412,2.0000108906767506,2.9999590356460675,0.9999875418843923
270,100.00001649183093,1.9999697388838233,2.999997861424794,0.999992832590798
271,99.99978976571539,1.9999882165359408,3.0000024660599984,0.9999955444950148
272,100.00044328787504,2.0000522650703902,3.00000981572881,0.9999988281224403
273,99.999259707104,1.9999657529788508,2.9999871134786686,1.000009180023518
274,100.00051855082471,1.9999591314237082,3.000063184677984,0.9999959113150041
275,100.00100670527222,2.00002542316318,3.0000257139294964,0.9999794771550613
276,100.00030298369052,2.0000311561809285,2.9999801945103433,0.9999924901425159
277,99.9989921024876,1.9999375556630934,2.999974647825543,1.0000079127171182
278,100.00001017785954,1.9999754691758047,3.0000183249686763,1.0000017682350029
279,99.99965934651581,1.9999667953875426,3.00001169659387,1.0000111171508155
280,100.00100926500092,2.0000570637511506,3.0000070714316958,0.999985375800872
281,99.99958406450104,1.9999807842190733,2.999987764922352,1.000000854147459
282,100.00043898777618,1.9999770382147661,3.000029004922112,0.9999909854567863
283,99.99933166171405,1.9999264831070445,2.9999965073360118,0.9999986882009934
284,99.99995370346039,1.999989559674495,3.0000089278667676,1.0000013038283462
285,99.99987494012579,1.9999791537147698,3.000011548208969,1.0000048056986193
286,100.00063728089367,2.000038960859625,3.000011313842557,0.9999980874883015
287,99.99968403289398,1.9999695618319357,2.9999978506971696,1.0000018411063378
288,99.99989750327637,2.0000314111541546,2.9999547727184113,0.9999955606307942
289,99.99947735955162,1.9999577023501975,3.0000167284951025,1.0000007888930555
290,99.99951621481979,1.9999417802010873,3.0000256974394164,1.0000142883612924
291,100.00011299872517,1.9999946215769708,3.000019612688824,1.0000051709630315
292,99.99975176690344,1.9999960292126215,2.9999781444651332,0.9999976493142536
293,100.00109341129303,2.0000457355955064,3.000031972990955,0.9999909939759557
294,99.99967834559095,1.9999596977812713,3.0000247176655854,1.0000067362056067
295,99.99999052381634,2.0000157985871168,2.9999966657742694,1.0000018304335883
296,99.9998265737302,2.0000317108260846,2.9999770534825996,1.0000085421842
297,100.00041524292709,2.0000008889666616,3.000009252029572,0.9999915089567013
298,100.0008812195325,2.0000385338504025,3.000014032747896,0.9999887478742894
299,99.9996817383285,1.9999664841913303,3.0000169969518455,1.0000109737485472
300,100.00047617841476,2.0000115414255837,2.9999970951836095,0.9999865773717097
301,99.99964582626653,2.0000258143909764,2.999961119796066,1.0000025027620616
302,100.00033418663129,2.000021412292496,3.000045703742858,1.000005769004624
303,100.0000423811726,2.000001319759184,3.0000263084501,1.0000087878166188
304,99.9993587606074,1.9999677582998907,2.9999922786068054,1.000009140476084
305,99.99981503923958,1.9999844847580017,2.999997242610711,1.0000009558865635
306,100.00031374924143,2.0000071448177494,3.000005907871586,0.9999987691437032
307,100.00110951298255,2.000004778043811,3.0000591791059623,0.999983562858397
308,100.00057747915487,2.000051235690208,3.0000117954077417,0.9999968682204303
309,100.00025437683708,1.9999671839526372,3.000043779872549,1.00000347448466
310,100.00004419252804,1.9999808800360275,3.0000158182593717,1.000002430650583
311,100.00034503317376,1.9999963384535089,3.000041008169377,0.999995436202665
312,99.99983749766824,1.999971262965188,3.000015142157362,1.0000036514778132
313,99.9996677447743,1.9999644620819412,2.9999899876471994,1.00000096209329
314,100.00024463688897,2.0000043352132293,3.0000194141558083,0.9999998006026379
315,100.00024242582755,1.999985840743857,3.0000371105156485,1.0000052022543784
316,99.99970495373003,1.999990035916574,2.999986538104573,1.0000012684656516
317,99.9998087764419,2.0000075769911256,3.000004569028839,1.0000084086782828
318,100.0000409682529,1.99999451364052,3.000000323661064,0.9999956456509997
319,100.00006559872281,2.0000044675114226,2.9999893268188655,0.9999964268798703
320,100.00088676386777,2.0000464422005604,3.000010183349461,0.9999947038351548
321,100.00041682717203,2.0000463157028663,2.999982469833434,0.9999910287954977
322,99.9998792014462,2.000022867888978,2.9999809315051578,1.0000053259488737
323,100.00037115813133,2.0000141342810647,2.9999975394389637,0.9999925386942763
324,100.00063770167722,2.0000654648425544,3.000014699539654,1.0000016738093913
325,100.00044925459947,2.0000573567905433,2.999989207691198,0.9999960833568565
326,100.00030102896488,1.9999678891795174,3.000026716669132,0.9999879809752268
327,100.00038382304704,2.0000255108741714,2.9999983265453234,0.999995531010339
328,99.99933100203675,1.9999459186951183,3.0000254362901586,1.000014729618799
329,100.00083919593624,2.000032503059132,3.0000323339092247,0.9999958221343177
330,100.00038472961718,2.0000106704055858,3.000017916427004,0.9999959158699858
331,100.00007980862729,2.0000081546461517,2.999998527485269,0.9999940180803609
332,99.99983225328876,1.9999640548468502,3.0000347379129417,1.000004011984293
333,100.00005342791945,1.9999981385598966,2.9999500056877015,0.9999780569312361
334,99.99870819365891,1.9999285185293798,2.999976535396978,1.000011578835054
335,99.9998022345635,2.000029676319417,2.999972709872038,1.0000067742246643
336,99.99977889132583,1.99998503539183,2.9999806133910902,0.9999957218131283
337,99.9994384307669,2.0000019882646978,2.9999768489847463,1.0000077128607638
338,100.00068373709661,1.9999892645149433,3.0000441863241782,0.9999906926747282
339,99.99987235768644,1.999971063498557,3.000018254905572,1.000001384401685
340,99.99982159397933,2.0000075515446576,2.9999922640002223,1.0000051482444665
341,100.00018587081374,2.000000447840705,3.0000094375110153,0.9999998872166113
342,99.99900414990427,1.999960125794717,2.999976407849121,1.0000096635880782
343,99.99940325804359,1.9999800648203891,3.000009946568552,1.0000159934291954
344,99.99924655165476,1.999974310063235,2.9999610687787075,0.9999966942807197
345,100.0005332830746,1.9999771908646713,3.0000431336781115,0.9999928718627765
346,99.9987721937638,1.9999436066559497,2.9999745748737228,1.0000128092205938
347,100.00074190899484,2.000024581079181,3.000032582480501,0.9999894780574549
348,99.99988782462594,2.00002399969396,2.9999707335609362,1.0000001943246324
349,99.9993434791654,1.9999739122878533,2.9999521592401965,0.9999971514878907
350,100.00035557917984,2.0000513721774507,3.00000279570571,1.0000023513407765
351,99.99903152157503,2.0000090350232096,2.999921673780346,1.000002883289557
352,99.999089004207,1.9999696170063808,2.999933932019387,0.9999977151478421
353,100.00055926330785,2.0000557467376874,3.0000052888375977,0.9999962281371101
354,100.00018990572916,1.999986566633628,3.0000125659433308,0.999994961554682
355,100.00041417883706,1.9999953609532966,3.0000259277206776,0.999999542977898
356,99.99987772945475,2.000011137527584,2.999974777374134,1.0000030527515644
357,100.00026760740963,2.000018106637027,3.0000212531769668,1.0000035428407856
358,100.00038799963801,2.0000456412762366,2.9999986577464495,0.9999924172950946
359,99.99982725582845,1.9999882055841074,3.0000071848856495,1.0000057307911066
360,99.99961630034143,1.999964568539773,2.9999763655529086,0.9999953978619028
361,99.99979864358532,1.9999828219228393,2.9999866665370343,1.0000031485028607
362,99.99996757326227,1.9999929681695927,2.9999889691675166,0.9999968717967674
363,99.99963668746098,1.9999870521258871,2.9999870828985418,1.0000040654028777
364,100.0008496567892,2.0000471848667156,3.0000191105994207,0.9999960019519626
365,100.00045186306241,2.0000509121699954,2.9999746860975414,0.9999902308416801
366,99.99947667917691,1.9999939970965204,2.9999538199134754,1.000003422794815
367,99.9995281625535,1.999994439857218,2.9999728591727712,1.000009751534272
368,100.00010832421788,2.000022526178684,2.9999831997388817,0.9999925453114424
369,99.99990649385704,2.0000370842247537,2.999954219982087,0.9999942928747912
370,100.00030928083314,1.9999910429530336,3.0000422561226814,1.0000059697749595
371,100.00062391164111,2.0000203692938032,3.0000419964545118,1.0000034649780094
372,100.00041131746707,2.0000342828613173,3.000033651347804,1.0000001139018317
373,100.00043497137804,2.0000103402566642,3.000018650709711,0.9999917270095271
374,99.99871223999573,1.9999432761947924,2.999974547706226,1.000020307817753
375,99.99994282895646,1.9999830171189905,3.000013748748664,0.9999979610029629
376,99.99923802805054,2.0000057529227155,2.9999540976496712,1.0000006186901447
377,100.00040226054115,2.0000380399651543,3.0000317568274317,1.000011955088516
378,99.99990434345462,2.000014546807429,2.999993800412136,1.0000048384472917
379,99.99973101887402,2.0000085143543123,2.999953500444331,0.9999965663554357
380,99.99899051359719,1.999975622676486,2.999941810775533,1.0000056322350186
381,99.99920602221286,1.9999953982957133,2.9999697952197013,1.0000060237000559
382,100.00119438296655,2.0000144038774064,3.000033303075337,0.9999810523324669
383,100.00045223929204,2.0000414527790684,3.0000196743192307,1.0000026947300056
384,99.99934916099042,1.9999715063360826,2.999953207200863,0.9999939331683023
385,100.00011659430939,2.0000574055520475,2.9999618316210586,0.9999971420224906
386,100.00015363422926,2.0000359629975737,2.999972738382303,0.9999930288163533
387,100.00029372797492,2.0000049620731577,3.0000437879798536,1.0000063482613322
388,100.00024677790417,2.0000021177915293,3.0000087433415152,0.9999921307668671
389,100.00121931814722,2.0000535388773586,3.000041951552367,0.9999945728597441
390,99.99957466731249,1.999996544021915,2.9999486563893405,0.9999944944555618
391,99.99999447802915,2.0000157731742068,2.999995957583772,0.9999988767073065
392,100.00055256430296,2.000012356677437,3.000048853567266,1.00000280957149
393,100.00043333706732,1.9999631235929358,3.0000744696618296,1.0000004088854682
394,99.99956026815977,1.9999467613806012,3.0000236419114943,1.000008258997172
395,100.00010465168285,1.9999924844298396,3.000022146759372,0.9999996968459205
396,99.99972249157705,2.0000210689825684,2.999967350601974,1.0000017708567173
397,99.99985706234908,2.000051902845661,2.9999506710742074,1.0000006021760461
398,99.99963084273142,2.0000210678475208,2.9999938325448783,1.0000068269621112
399,99.99905476848018,2.000010186701565,2.999931282258486,1.0000050885382274
400,99.9992945907166,1.9999440868955582,3.0000106568281675,1.0000093567202022
401,99.99993481808684,2.0000064641962627,2.999996450853366,1.0000030493960776
402,100.00068689841773,2.0000156861502045,3.0000490850400388,0.9999973224570551
403,100.00052784627691,2.0000265476033903,3.000012275075548,0.9999999058756344
404,99.99970260676997,2.000012339428009,3.0000032606889366,1.0000101623550224
405,100.00069181954615,2.0000345793962158,3.000020572582165,0.9999974302076656
406,100.00023986276476,1.9999567982325124,3.0000378990767875,0.9999916012718681
407,99.99995645472363,2.000001019487536,3.0000047527173432,0.9999989164581073
408,100.00042960209305,2.0000669609874917,2.9999897220629106,0.9999960202301237
409,99.99959765915096,1.999969861536636,2.999989226809764,0.999995537841322
410,99.99989235618361,1.9999880180807144,3.000006871870623,0.9999982227691943
411,99.99954514685676,2.0000036268870356,2.9999497096012187,0.9999999751077989
412,99.99860466103142,1.9999583037145816,2.9999152821419828,0.9999980806753337
413,100.00046650420985,1.9999828679163882,3.000029843918583,0.9999954138680685
414,99.99970575316856,1.9999953512887099,3.000000643797007,1.0000047052484613
415,99.99876476837522,1.999976023491719,2.999976108182023,1.0000171603717583
416,100.00010166195801,2.0000014287148153,2.9999858215097266,0.9999959581372395
417,100.00042695607014,1.999983477890714,3.0000409172660647,0.9999978405332939
418,99.99971917276677,1.999979054291497,3.0000169050174628,1.0000087274171987
419,99.99916546994484,1.9999712094787012,2.999959185558335,1.0000052942061632
420,99.99943501346806,1.9999495418617408,3.000014208023263,1.0000056575709257
421,100.00003036551541,2.0000050564828356,3.0000087259340416,1.0000044145254934
422,99.99948117292851,1.9999989843803232,2.9999444498824217,0.9999992992241343
423,99.99921505312402,1.9999738062706571,2.9999647852551283,1.000001770674049
424,100.00021970228083,2.000021843403776,3.000007852138941,0.9999991166004938
425,99.99968777984739,2.000010038478745,2.999974440839445,1.0000034818223076
426,99.99958900173465,1.9999656396193148,2.999993341698518,1.0000055200014257
427,100.0012136502666,2.0000362254956263,3.000023869648929,0.9999792673441792
428,99.99975585458716,1.999963832641489,3.0000134171677355,1.0000000280544623
429,100.00002485003023,1.9999871315159434,3.000003918258551,0.9999975389189185
430,100.00022118016516,2.000007003217053,3.000006465430544,0.9999963430101703
431,100.000361040358,1.9999999838764477,3.0000467205798143,1.0000081701897612
432,100.00045763518997,1.999975502494572,3.0000496212406023,1.0000004927919541
433,99.99939546995799,1.9999705100650151,2.999991279772527,1.0000064383849359
434,100.00051357679975,2.0000140203734436,3.0000227941401065,0.9999906003139714
435,100.00105344916462,2.0000903489793322,2.9999749056016465,0.9999816897760166
436,100.00019521290756,1.999982934648632,3.000051523190108,1.000004771408169
437,100.00095193049712,2.000024666329802,3.0000466581036234,0.9999931346956403
438,100.0002966512366,2.000052388110507,2.9999728774649492,0.999995474215072
439,100.00027940987921,2.000000375580988,3.00002785488173,0.9999990345298876
440,99.99891581723554,1.9999293578524249,2.999952269914266,0.9999960728606456
441,99.99985200764172,2.0000095485138076,2.9999663581253357,0.9999966156986134
442,100.00009628149559,2.0000100822224747,2.9999754117158006,0.9999942449824595
443,100.00002234503036,1.9999997359965844,2.9999996456033933,0.9999988071286998
444,99.99901158634256,1.9999890207350703,2.9999478195363087,1.000012037864352
445,99.99962667535209,1.999983175587486,3.000005910632588,1.0000116303886228
446,99.99939108285156,1.9999810626580865,2.9999611724965307,1.0000018330329263
447,99.99993772568219,2.0000121751323685,3.000008260570103,0.9999999785382008
448,99.99970797511389,1.9999645204214664,2.9999957452307053,1.000001797762794
449,100.00007110613168,2.0000002923378353,3.0000353122295045,1.0000101454602301
450,99.99999728017214,1.999985387443581,2.999997230298893,0.9999980815169665
451,100.00032641436042,2.0000143629932654,2.9999895447081726,0.9999868153504459
452,100.00075348170755,2.0000473317479606,2.99999803401082,0.999994404262047
453,100.000849493579,2.000044234838935,3.000033444484666,0.9999993863789061
454,100.0003809380071,1.9999742925874526,3.0000449257648,0.9999951087377599
455,100.00036484897159,1.9999851877122736,3.0000391603558962,0.9999969756356925
456,99.99945584206726,1.999977491479028,2.9999891495635858,1.000011515587975
457,100.00048472311961,2.00004225720892,3.000003628718761,0.9999942573679822
458,99.9992150452216,1.9999682775164498,2.999990652558954,1.000007799545412
459,99.99973383315505,2.000015397337818,2.9999734628682755,1.0000034747716435
460,100.00102455202715,2.0000115639110927,3.000057423731994,0.99999424145809
461,100.00011818849124,2.0000234097616665,2.999981924681407,0.9999960174135377
462,100.00015066354133,2.0000139520410958,2.999994038776213,0.9999994968449456
463,99.99961399057989,2.000003087404101,2.99996660033105,1.000003090407014
464,99.99989300162873,2.0000127961739196,2.999984812918046,1.0000046315467468
465,100.00002765704619,2.0000028484278447,2.999985439434998,0.9999945835980864
466,99.99956725727507,1.9999801173918215,2.9999630973018956,0.9999978771726854
467,99.99927054746195,1.999974661232556,2.9999831535428174,1.000008486965272
468,99.99958692537994,1.9999924516429262,2.9999824078176043,1.0000046844832295
469,99.99975937239421,1.999985320059997,2.9999658368887694,0.9999877740246416
470,100.00011197799627,1.9999745899732728,3.0000033936028982,0.9999934232351295
471,100.00024908775296,2.0000259701929464,3.000005884296534,1.0000036756709627
472,100.00082810787988,2.0000407387338477,3.000012652234806,0.9999891016130694
473,100.00021638476831,2.000018936655277,3.0000120848233185,1.0000028670684642
474,100.00027222479409,2.000003727715197,3.0000186423627424,1.0000001634804234
475,99.99986790950531,1.9999948920619715,3.000000763633536,1.0000048935174553
476,99.9992911412184,1.9999537918904315,2.999981222230768,0.9999992331118095
477,99.99922336352878,1.9999531297107795,2.999997487248345,1.0000147548234568
478,100.00111735325851,2.000039468258392,3.0000442303523958,0.9999939102665407
479,99.99927089034654,1.9999515392820095,2.999984024501856,1.0000068634794286
480,100.00046105532823,2.0000244054490093,3.0000285106005617,0.9999994899002326
481,100.00041744582394,1.9999757468494712,3.0000273626723963,0.9999951193365484
482,99.99972652367141,1.9999637175605964,2.999982953378349,0.9999917047828326
483,99.99984900654874,1.9999526840511734,3.0000440791411522,1.0000070670300565
484,100.00015688749245,2.0000378228661257,2.9999813715829498,1.0000000802215399
485,100.00011499739918,2.000029699824831,2.9999844221024765,1.0000007180245452
486,99.99922809281419,1.9999903986120204,2.9999545833236856,1.0000031685908988
487,99.99896284187275,1.999957238287674,2.999955451165067,1.000007312835467
488,99.99992810838258,2.0000447814507787,2.99995178714574,0.9999998193584844
489,100.00011081850383,2.0000243682070042,2.9999557740888334,0.9999925221334794
490,99.99959797257613,1.9999963945487822,2.999966882172603,1.0000024033391643
491,99.99893249404697,1.999962638194322,2.9999565679458615,1.0000053861179845
492,99.99901795743959,1.9999242090135818,2.9999821306617624,1.0000018708118716
493,100.00007256379503,1.9999696030615504,3.0000450135460097,1.0000050540188987
494,100.00005675402149,1.9999860775038119,3.0000091205196373,0.9999986699406873
495,99.99948292434408,1.999986708312411,2.999976807548681,1.0000000739860768
496,99.99990739123801,2.0000382832327857,2.999986927192763,1.0000065950764845
497,100.00061502186266,2.00006812028347,2.999989084575047,0.999989712804314
498,99.99943287163515,1.9999663470253388,2.999980224151546,1.0000009478009944
499,99.99934886166606,2.0000042960333873,2.9999635248823435,1.0000117766834347
